Afraid/Afraid_10.mp4	0
Afraid/Afraid_11.mp4	0
Afraid/Afraid_13.mp4	0
Afraid/Afraid_14.mp4	0
Afraid/Afraid_15.mp4	0
Afraid/Afraid_7.mp4	0
Afraid/Afraid_8.mp4	0
Afraid/Afraid_aug_1.mp4	0
Afraid/Afraid_aug_10.mp4	0
Afraid/Afraid_aug_11.mp4	0
Afraid/Afraid_aug_12.mp4	0
Afraid/Afraid_aug_13.mp4	0
Afraid/Afraid_aug_14.mp4	0
Afraid/Afraid_aug_15.mp4	0
Afraid/Afraid_aug_16.mp4	0
Afraid/Afraid_aug_17.mp4	0
Afraid/Afraid_aug_18.mp4	0
Afraid/Afraid_aug_19.mp4	0
Afraid/Afraid_aug_2.mp4	0
Afraid/Afraid_aug_20.mp4	0
Afraid/Afraid_aug_21.mp4	0
Afraid/Afraid_aug_22.mp4	0
Afraid/Afraid_aug_23.mp4	0
Afraid/Afraid_aug_24.mp4	0
Afraid/Afraid_aug_25.mp4	0
Afraid/Afraid_aug_26.mp4	0
Afraid/Afraid_aug_27.mp4	0
Afraid/Afraid_aug_28.mp4	0
Afraid/Afraid_aug_29.mp4	0
Afraid/Afraid_aug_3.mp4	0
Afraid/Afraid_aug_30.mp4	0
Afraid/Afraid_aug_4.mp4	0
Afraid/Afraid_aug_5.mp4	0
Afraid/Afraid_aug_6.mp4	0
Afraid/Afraid_aug_7.mp4	0
Afraid/Afraid_aug_8.mp4	0
Afraid/Afraid_aug_9.mp4	0
Afraid/afraid.mp4	0
Afraid/afraid_1.mp4	0
Afraid/afraid_2.mp4	0
Afraid/afraid_3.mp4	0
Afraid/afraid_4.mp4	0
Angry/Angry_10.mp4	1
Angry/Angry_11.mp4	1
Angry/Angry_12.mp4	1
Angry/Angry_13.mp4	1
Angry/Angry_7.mp4	1
Angry/Angry_8.mp4	1
Angry/Angry_aug_1.mp4	1
Angry/Angry_aug_10.mp4	1
Angry/Angry_aug_11.mp4	1
Angry/Angry_aug_12.mp4	1
Angry/Angry_aug_13.mp4	1
Angry/Angry_aug_14.mp4	1
Angry/Angry_aug_15.mp4	1
Angry/Angry_aug_16.mp4	1
Angry/Angry_aug_17.mp4	1
Angry/Angry_aug_18.mp4	1
Angry/Angry_aug_19.mp4	1
Angry/Angry_aug_2.mp4	1
Angry/Angry_aug_20.mp4	1
Angry/Angry_aug_21.mp4	1
Angry/Angry_aug_22.mp4	1
Angry/Angry_aug_23.mp4	1
Angry/Angry_aug_24.mp4	1
Angry/Angry_aug_25.mp4	1
Angry/Angry_aug_26.mp4	1
Angry/Angry_aug_27.mp4	1
Angry/Angry_aug_28.mp4	1
Angry/Angry_aug_29.mp4	1
Angry/Angry_aug_3.mp4	1
Angry/Angry_aug_30.mp4	1
Angry/Angry_aug_4.mp4	1
Angry/Angry_aug_5.mp4	1
Angry/Angry_aug_6.mp4	1
Angry/Angry_aug_7.mp4	1
Angry/Angry_aug_8.mp4	1
Angry/Angry_aug_9.mp4	1
Angry/angry.mp4	1
Angry/angry_1.mp4	1
Angry/angry_3.mp4	1
Angry/angry_4.mp4	1
Angry/angry_5.mp4	1
Angry/angry_6.mp4	1
Autumn/Autumn_10.mp4	2
Autumn/Autumn_11.mp4	2
Autumn/Autumn_12.mp4	2
Autumn/Autumn_14.mp4	2
Autumn/Autumn_15.mp4	2
Autumn/Autumn_8.mp4	2
Autumn/Autumn_aug_1.mp4	2
Autumn/Autumn_aug_10.mp4	2
Autumn/Autumn_aug_11.mp4	2
Autumn/Autumn_aug_12.mp4	2
Autumn/Autumn_aug_13.mp4	2
Autumn/Autumn_aug_14.mp4	2
Autumn/Autumn_aug_15.mp4	2
Autumn/Autumn_aug_16.mp4	2
Autumn/Autumn_aug_17.mp4	2
Autumn/Autumn_aug_18.mp4	2
Autumn/Autumn_aug_19.mp4	2
Autumn/Autumn_aug_2.mp4	2
Autumn/Autumn_aug_20.mp4	2
Autumn/Autumn_aug_21.mp4	2
Autumn/Autumn_aug_22.mp4	2
Autumn/Autumn_aug_23.mp4	2
Autumn/Autumn_aug_24.mp4	2
Autumn/Autumn_aug_25.mp4	2
Autumn/Autumn_aug_26.mp4	2
Autumn/Autumn_aug_27.mp4	2
Autumn/Autumn_aug_28.mp4	2
Autumn/Autumn_aug_29.mp4	2
Autumn/Autumn_aug_3.mp4	2
Autumn/Autumn_aug_30.mp4	2
Autumn/Autumn_aug_4.mp4	2
Autumn/Autumn_aug_5.mp4	2
Autumn/Autumn_aug_6.mp4	2
Autumn/Autumn_aug_7.mp4	2
Autumn/Autumn_aug_8.mp4	2
Autumn/Autumn_aug_9.mp4	2
Autumn/autumn.mp4	2
Autumn/autumn_1.mp4	2
Autumn/autumn_2.mp4	2
Autumn/autumn_3.mp4	2
Autumn/autumn_4.mp4	2
Autumn/autumn_9.mp4	2
best/best.mp4	3
best/best_12.mp4	3
best/best_13.mp4	3
best/best_15.mp4	3
best/best_2.mp4	3
best/best_3.mp4	3
best/best_4.mp4	3
best/best_5.mp4	3
best/best_6.mp4	3
best/best_7.mp4	3
best/best_8.mp4	3
best/best_9.mp4	3
best/best_aug_1.mp4	3
best/best_aug_10.mp4	3
best/best_aug_11.mp4	3
best/best_aug_12.mp4	3
best/best_aug_13.mp4	3
best/best_aug_14.mp4	3
best/best_aug_15.mp4	3
best/best_aug_16.mp4	3
best/best_aug_17.mp4	3
best/best_aug_18.mp4	3
best/best_aug_19.mp4	3
best/best_aug_2.mp4	3
best/best_aug_20.mp4	3
best/best_aug_21.mp4	3
best/best_aug_22.mp4	3
best/best_aug_23.mp4	3
best/best_aug_24.mp4	3
best/best_aug_25.mp4	3
best/best_aug_26.mp4	3
best/best_aug_27.mp4	3
best/best_aug_28.mp4	3
best/best_aug_29.mp4	3
best/best_aug_3.mp4	3
best/best_aug_30.mp4	3
best/best_aug_4.mp4	3
best/best_aug_5.mp4	3
best/best_aug_6.mp4	3
best/best_aug_7.mp4	3
best/best_aug_8.mp4	3
best/best_aug_9.mp4	3
body/body_1.mp4	4
body/body_10.mp4	4
body/body_12.mp4	4
body/body_14.mp4	4
body/body_15.mp4	4
body/body_2.mp4	4
body/body_3.mp4	4
body/body_4.mp4	4
body/body_5.mp4	4
body/body_7.mp4	4
body/body_8.mp4	4
body/body_9.mp4	4
body/body_aug_1.mp4	4
body/body_aug_10.mp4	4
body/body_aug_11.mp4	4
body/body_aug_12.mp4	4
body/body_aug_13.mp4	4
body/body_aug_14.mp4	4
body/body_aug_15.mp4	4
body/body_aug_16.mp4	4
body/body_aug_17.mp4	4
body/body_aug_18.mp4	4
body/body_aug_19.mp4	4
body/body_aug_2.mp4	4
body/body_aug_20.mp4	4
body/body_aug_21.mp4	4
body/body_aug_22.mp4	4
body/body_aug_23.mp4	4
body/body_aug_24.mp4	4
body/body_aug_25.mp4	4
body/body_aug_26.mp4	4
body/body_aug_27.mp4	4
body/body_aug_28.mp4	4
body/body_aug_29.mp4	4
body/body_aug_3.mp4	4
body/body_aug_30.mp4	4
body/body_aug_4.mp4	4
body/body_aug_5.mp4	4
body/body_aug_6.mp4	4
body/body_aug_7.mp4	4
body/body_aug_8.mp4	4
body/body_aug_9.mp4	4
brother_or_sister/brother_or_sister.mp4	5
brother_or_sister/brother_or_sister_10.mp4	5
brother_or_sister/brother_or_sister_11.mp4	5
brother_or_sister/brother_or_sister_13.mp4	5
brother_or_sister/brother_or_sister_15.mp4	5
brother_or_sister/brother_or_sister_3.mp4	5
brother_or_sister/brother_or_sister_4.mp4	5
brother_or_sister/brother_or_sister_5.mp4	5
brother_or_sister/brother_or_sister_6.mp4	5
brother_or_sister/brother_or_sister_7.mp4	5
brother_or_sister/brother_or_sister_8.mp4	5
brother_or_sister/brother_or_sister_9.mp4	5
brother_or_sister/brother_or_sister_aug_1.mp4	5
brother_or_sister/brother_or_sister_aug_10.mp4	5
brother_or_sister/brother_or_sister_aug_11.mp4	5
brother_or_sister/brother_or_sister_aug_12.mp4	5
brother_or_sister/brother_or_sister_aug_13.mp4	5
brother_or_sister/brother_or_sister_aug_14.mp4	5
brother_or_sister/brother_or_sister_aug_15.mp4	5
brother_or_sister/brother_or_sister_aug_16.mp4	5
brother_or_sister/brother_or_sister_aug_17.mp4	5
brother_or_sister/brother_or_sister_aug_18.mp4	5
brother_or_sister/brother_or_sister_aug_19.mp4	5
brother_or_sister/brother_or_sister_aug_2.mp4	5
brother_or_sister/brother_or_sister_aug_20.mp4	5
brother_or_sister/brother_or_sister_aug_21.mp4	5
brother_or_sister/brother_or_sister_aug_22.mp4	5
brother_or_sister/brother_or_sister_aug_23.mp4	5
brother_or_sister/brother_or_sister_aug_24.mp4	5
brother_or_sister/brother_or_sister_aug_25.mp4	5
brother_or_sister/brother_or_sister_aug_26.mp4	5
brother_or_sister/brother_or_sister_aug_27.mp4	5
brother_or_sister/brother_or_sister_aug_28.mp4	5
brother_or_sister/brother_or_sister_aug_29.mp4	5
brother_or_sister/brother_or_sister_aug_3.mp4	5
brother_or_sister/brother_or_sister_aug_30.mp4	5
brother_or_sister/brother_or_sister_aug_4.mp4	5
brother_or_sister/brother_or_sister_aug_5.mp4	5
brother_or_sister/brother_or_sister_aug_6.mp4	5
brother_or_sister/brother_or_sister_aug_7.mp4	5
brother_or_sister/brother_or_sister_aug_8.mp4	5
brother_or_sister/brother_or_sister_aug_9.mp4	5
Car/Car_10.mp4	6
Car/Car_11.mp4	6
Car/Car_12.mp4	6
Car/Car_13.mp4	6
Car/Car_14.mp4	6
Car/Car_15.mp4	6
Car/Car_7.mp4	6
Car/Car_9.mp4	6
Car/Car_aug_1.mp4	6
Car/Car_aug_10.mp4	6
Car/Car_aug_11.mp4	6
Car/Car_aug_12.mp4	6
Car/Car_aug_13.mp4	6
Car/Car_aug_14.mp4	6
Car/Car_aug_15.mp4	6
Car/Car_aug_16.mp4	6
Car/Car_aug_17.mp4	6
Car/Car_aug_18.mp4	6
Car/Car_aug_19.mp4	6
Car/Car_aug_2.mp4	6
Car/Car_aug_20.mp4	6
Car/Car_aug_21.mp4	6
Car/Car_aug_22.mp4	6
Car/Car_aug_23.mp4	6
Car/Car_aug_24.mp4	6
Car/Car_aug_25.mp4	6
Car/Car_aug_26.mp4	6
Car/Car_aug_27.mp4	6
Car/Car_aug_28.mp4	6
Car/Car_aug_29.mp4	6
Car/Car_aug_3.mp4	6
Car/Car_aug_30.mp4	6
Car/Car_aug_4.mp4	6
Car/Car_aug_5.mp4	6
Car/Car_aug_6.mp4	6
Car/Car_aug_7.mp4	6
Car/Car_aug_8.mp4	6
Car/Car_aug_9.mp4	6
Car/car.mp4	6
Car/car_2.mp4	6
Car/car_4.mp4	6
Car/car_5.mp4	6
Come/Come_11.mp4	7
Come/Come_12.mp4	7
Come/Come_13.mp4	7
Come/Come_14.mp4	7
Come/Come_15.mp4	7
Come/Come_7.mp4	7
Come/Come_9.mp4	7
Come/Come_aug_1.mp4	7
Come/Come_aug_10.mp4	7
Come/Come_aug_11.mp4	7
Come/Come_aug_12.mp4	7
Come/Come_aug_13.mp4	7
Come/Come_aug_14.mp4	7
Come/Come_aug_15.mp4	7
Come/Come_aug_16.mp4	7
Come/Come_aug_17.mp4	7
Come/Come_aug_18.mp4	7
Come/Come_aug_19.mp4	7
Come/Come_aug_2.mp4	7
Come/Come_aug_20.mp4	7
Come/Come_aug_21.mp4	7
Come/Come_aug_22.mp4	7
Come/Come_aug_23.mp4	7
Come/Come_aug_24.mp4	7
Come/Come_aug_25.mp4	7
Come/Come_aug_26.mp4	7
Come/Come_aug_27.mp4	7
Come/Come_aug_28.mp4	7
Come/Come_aug_29.mp4	7
Come/Come_aug_3.mp4	7
Come/Come_aug_30.mp4	7
Come/Come_aug_4.mp4	7
Come/Come_aug_5.mp4	7
Come/Come_aug_6.mp4	7
Come/Come_aug_7.mp4	7
Come/Come_aug_8.mp4	7
Come/Come_aug_9.mp4	7
Come/come.mp4	7
Come/come_1.mp4	7
Come/come_4.mp4	7
Come/come_5.mp4	7
Come/come_6.mp4	7
Down/Down_10.mp4	8
Down/Down_11.mp4	8
Down/Down_12.mp4	8
Down/Down_13.mp4	8
Down/Down_14.mp4	8
Down/Down_15.mp4	8
Down/Down_8.mp4	8
Down/Down_9.mp4	8
Down/Down_aug_1.mp4	8
Down/Down_aug_10.mp4	8
Down/Down_aug_11.mp4	8
Down/Down_aug_12.mp4	8
Down/Down_aug_13.mp4	8
Down/Down_aug_14.mp4	8
Down/Down_aug_15.mp4	8
Down/Down_aug_16.mp4	8
Down/Down_aug_17.mp4	8
Down/Down_aug_18.mp4	8
Down/Down_aug_19.mp4	8
Down/Down_aug_2.mp4	8
Down/Down_aug_20.mp4	8
Down/Down_aug_21.mp4	8
Down/Down_aug_22.mp4	8
Down/Down_aug_23.mp4	8
Down/Down_aug_24.mp4	8
Down/Down_aug_25.mp4	8
Down/Down_aug_26.mp4	8
Down/Down_aug_27.mp4	8
Down/Down_aug_28.mp4	8
Down/Down_aug_29.mp4	8
Down/Down_aug_3.mp4	8
Down/Down_aug_30.mp4	8
Down/Down_aug_4.mp4	8
Down/Down_aug_5.mp4	8
Down/Down_aug_6.mp4	8
Down/Down_aug_7.mp4	8
Down/Down_aug_8.mp4	8
Down/Down_aug_9.mp4	8
Down/down_1.mp4	8
Down/down_4.mp4	8
Down/down_5.mp4	8
Down/down_6.mp4	8
Drink/Drink_10.mp4	9
Drink/Drink_11.mp4	9
Drink/Drink_12.mp4	9
Drink/Drink_13.mp4	9
Drink/Drink_7.mp4	9
Drink/Drink_9.mp4	9
Drink/Drink_aug_1.mp4	9
Drink/Drink_aug_10.mp4	9
Drink/Drink_aug_11.mp4	9
Drink/Drink_aug_12.mp4	9
Drink/Drink_aug_13.mp4	9
Drink/Drink_aug_14.mp4	9
Drink/Drink_aug_15.mp4	9
Drink/Drink_aug_16.mp4	9
Drink/Drink_aug_17.mp4	9
Drink/Drink_aug_18.mp4	9
Drink/Drink_aug_19.mp4	9
Drink/Drink_aug_2.mp4	9
Drink/Drink_aug_20.mp4	9
Drink/Drink_aug_21.mp4	9
Drink/Drink_aug_22.mp4	9
Drink/Drink_aug_23.mp4	9
Drink/Drink_aug_24.mp4	9
Drink/Drink_aug_25.mp4	9
Drink/Drink_aug_26.mp4	9
Drink/Drink_aug_27.mp4	9
Drink/Drink_aug_28.mp4	9
Drink/Drink_aug_29.mp4	9
Drink/Drink_aug_3.mp4	9
Drink/Drink_aug_30.mp4	9
Drink/Drink_aug_4.mp4	9
Drink/Drink_aug_5.mp4	9
Drink/Drink_aug_6.mp4	9
Drink/Drink_aug_7.mp4	9
Drink/Drink_aug_8.mp4	9
Drink/Drink_aug_9.mp4	9
Drink/drink.mp4	9
Drink/drink_1.mp4	9
Drink/drink_2.mp4	9
Drink/drink_3.mp4	9
Drink/drink_4.mp4	9
Drink/drink_5.mp4	9
Eat/Eat_10.mp4	10
Eat/Eat_11.mp4	10
Eat/Eat_13.mp4	10
Eat/Eat_7.mp4	10
Eat/Eat_8.mp4	10
Eat/Eat_9.mp4	10
Eat/Eat_aug_1.mp4	10
Eat/Eat_aug_10.mp4	10
Eat/Eat_aug_11.mp4	10
Eat/Eat_aug_12.mp4	10
Eat/Eat_aug_13.mp4	10
Eat/Eat_aug_14.mp4	10
Eat/Eat_aug_15.mp4	10
Eat/Eat_aug_16.mp4	10
Eat/Eat_aug_17.mp4	10
Eat/Eat_aug_18.mp4	10
Eat/Eat_aug_19.mp4	10
Eat/Eat_aug_2.mp4	10
Eat/Eat_aug_20.mp4	10
Eat/Eat_aug_21.mp4	10
Eat/Eat_aug_22.mp4	10
Eat/Eat_aug_23.mp4	10
Eat/Eat_aug_24.mp4	10
Eat/Eat_aug_25.mp4	10
Eat/Eat_aug_26.mp4	10
Eat/Eat_aug_27.mp4	10
Eat/Eat_aug_28.mp4	10
Eat/Eat_aug_29.mp4	10
Eat/Eat_aug_3.mp4	10
Eat/Eat_aug_30.mp4	10
Eat/Eat_aug_4.mp4	10
Eat/Eat_aug_5.mp4	10
Eat/Eat_aug_6.mp4	10
Eat/Eat_aug_7.mp4	10
Eat/Eat_aug_8.mp4	10
Eat/Eat_aug_9.mp4	10
Eat/eat.mp4	10
Eat/eat_1.mp4	10
Eat/eat_2.mp4	10
Eat/eat_4.mp4	10
Eat/eat_5.mp4	10
Eat/eat_6.mp4	10
Father/Father_1.mp4	11
Father/Father_10.mp4	11
Father/Father_12.mp4	11
Father/Father_14.mp4	11
Father/Father_15.mp4	11
Father/Father_2.mp4	11
Father/Father_5.mp4	11
Father/Father_6.mp4	11
Father/Father_7.mp4	11
Father/Father_8.mp4	11
Father/Father_aug_1.mp4	11
Father/Father_aug_10.mp4	11
Father/Father_aug_11.mp4	11
Father/Father_aug_12.mp4	11
Father/Father_aug_13.mp4	11
Father/Father_aug_14.mp4	11
Father/Father_aug_15.mp4	11
Father/Father_aug_16.mp4	11
Father/Father_aug_17.mp4	11
Father/Father_aug_18.mp4	11
Father/Father_aug_19.mp4	11
Father/Father_aug_2.mp4	11
Father/Father_aug_20.mp4	11
Father/Father_aug_21.mp4	11
Father/Father_aug_22.mp4	11
Father/Father_aug_23.mp4	11
Father/Father_aug_24.mp4	11
Father/Father_aug_25.mp4	11
Father/Father_aug_26.mp4	11
Father/Father_aug_27.mp4	11
Father/Father_aug_28.mp4	11
Father/Father_aug_29.mp4	11
Father/Father_aug_3.mp4	11
Father/Father_aug_30.mp4	11
Father/Father_aug_4.mp4	11
Father/Father_aug_5.mp4	11
Father/Father_aug_6.mp4	11
Father/Father_aug_7.mp4	11
Father/Father_aug_8.mp4	11
Father/Father_aug_9.mp4	11
Father/father.mp4	11
Father/father_9.mp4	11
Five/Five_1.mp4	12
Five/Five_11.mp4	12
Five/Five_13.mp4	12
Five/Five_15.mp4	12
Five/Five_2.mp4	12
Five/Five_3.mp4	12
Five/Five_4.mp4	12
Five/Five_5.mp4	12
Five/Five_6.mp4	12
Five/Five_7.mp4	12
Five/Five_9.mp4	12
Five/Five_aug_1.mp4	12
Five/Five_aug_10.mp4	12
Five/Five_aug_11.mp4	12
Five/Five_aug_12.mp4	12
Five/Five_aug_13.mp4	12
Five/Five_aug_14.mp4	12
Five/Five_aug_15.mp4	12
Five/Five_aug_16.mp4	12
Five/Five_aug_17.mp4	12
Five/Five_aug_18.mp4	12
Five/Five_aug_19.mp4	12
Five/Five_aug_2.mp4	12
Five/Five_aug_20.mp4	12
Five/Five_aug_21.mp4	12
Five/Five_aug_22.mp4	12
Five/Five_aug_23.mp4	12
Five/Five_aug_24.mp4	12
Five/Five_aug_25.mp4	12
Five/Five_aug_26.mp4	12
Five/Five_aug_27.mp4	12
Five/Five_aug_28.mp4	12
Five/Five_aug_29.mp4	12
Five/Five_aug_3.mp4	12
Five/Five_aug_30.mp4	12
Five/Five_aug_4.mp4	12
Five/Five_aug_5.mp4	12
Five/Five_aug_6.mp4	12
Five/Five_aug_7.mp4	12
Five/Five_aug_8.mp4	12
Five/Five_aug_9.mp4	12
Five/five.mp4	12
food/food.mp4	13
food/food_1.mp4	13
food/food_11.mp4	13
food/food_12.mp4	13
food/food_13.mp4	13
food/food_14.mp4	13
food/food_2.mp4	13
food/food_3.mp4	13
food/food_4.mp4	13
food/food_5.mp4	13
food/food_7.mp4	13
food/food_9.mp4	13
food/food_aug_1.mp4	13
food/food_aug_10.mp4	13
food/food_aug_11.mp4	13
food/food_aug_12.mp4	13
food/food_aug_13.mp4	13
food/food_aug_14.mp4	13
food/food_aug_15.mp4	13
food/food_aug_16.mp4	13
food/food_aug_17.mp4	13
food/food_aug_18.mp4	13
food/food_aug_19.mp4	13
food/food_aug_2.mp4	13
food/food_aug_20.mp4	13
food/food_aug_21.mp4	13
food/food_aug_22.mp4	13
food/food_aug_23.mp4	13
food/food_aug_24.mp4	13
food/food_aug_25.mp4	13
food/food_aug_26.mp4	13
food/food_aug_27.mp4	13
food/food_aug_28.mp4	13
food/food_aug_29.mp4	13
food/food_aug_3.mp4	13
food/food_aug_30.mp4	13
food/food_aug_4.mp4	13
food/food_aug_5.mp4	13
food/food_aug_6.mp4	13
food/food_aug_7.mp4	13
food/food_aug_8.mp4	13
food/food_aug_9.mp4	13
Forward/Forward_1.mp4	14
Forward/Forward_10.mp4	14
Forward/Forward_11.mp4	14
Forward/Forward_12.mp4	14
Forward/Forward_14.mp4	14
Forward/Forward_2.mp4	14
Forward/Forward_3.mp4	14
Forward/Forward_5.mp4	14
Forward/Forward_6.mp4	14
Forward/Forward_7.mp4	14
Forward/Forward_9.mp4	14
Forward/Forward_aug_1.mp4	14
Forward/Forward_aug_10.mp4	14
Forward/Forward_aug_11.mp4	14
Forward/Forward_aug_12.mp4	14
Forward/Forward_aug_13.mp4	14
Forward/Forward_aug_14.mp4	14
Forward/Forward_aug_15.mp4	14
Forward/Forward_aug_16.mp4	14
Forward/Forward_aug_17.mp4	14
Forward/Forward_aug_18.mp4	14
Forward/Forward_aug_19.mp4	14
Forward/Forward_aug_2.mp4	14
Forward/Forward_aug_20.mp4	14
Forward/Forward_aug_21.mp4	14
Forward/Forward_aug_22.mp4	14
Forward/Forward_aug_23.mp4	14
Forward/Forward_aug_24.mp4	14
Forward/Forward_aug_25.mp4	14
Forward/Forward_aug_26.mp4	14
Forward/Forward_aug_27.mp4	14
Forward/Forward_aug_28.mp4	14
Forward/Forward_aug_29.mp4	14
Forward/Forward_aug_3.mp4	14
Forward/Forward_aug_30.mp4	14
Forward/Forward_aug_4.mp4	14
Forward/Forward_aug_5.mp4	14
Forward/Forward_aug_6.mp4	14
Forward/Forward_aug_7.mp4	14
Forward/Forward_aug_8.mp4	14
Forward/Forward_aug_9.mp4	14
Forward/forward.mp4	14
Four/Four_1.mp4	15
Four/Four_10.mp4	15
Four/Four_11.mp4	15
Four/Four_12.mp4	15
Four/Four_13.mp4	15
Four/Four_14.mp4	15
Four/Four_15.mp4	15
Four/Four_2.mp4	15
Four/Four_3.mp4	15
Four/Four_5.mp4	15
Four/Four_6.mp4	15
Four/Four_7.mp4	15
Four/Four_aug_1.mp4	15
Four/Four_aug_10.mp4	15
Four/Four_aug_11.mp4	15
Four/Four_aug_12.mp4	15
Four/Four_aug_13.mp4	15
Four/Four_aug_14.mp4	15
Four/Four_aug_15.mp4	15
Four/Four_aug_16.mp4	15
Four/Four_aug_17.mp4	15
Four/Four_aug_18.mp4	15
Four/Four_aug_19.mp4	15
Four/Four_aug_2.mp4	15
Four/Four_aug_20.mp4	15
Four/Four_aug_21.mp4	15
Four/Four_aug_22.mp4	15
Four/Four_aug_23.mp4	15
Four/Four_aug_24.mp4	15
Four/Four_aug_25.mp4	15
Four/Four_aug_26.mp4	15
Four/Four_aug_27.mp4	15
Four/Four_aug_28.mp4	15
Four/Four_aug_29.mp4	15
Four/Four_aug_3.mp4	15
Four/Four_aug_30.mp4	15
Four/Four_aug_4.mp4	15
Four/Four_aug_5.mp4	15
Four/Four_aug_6.mp4	15
Four/Four_aug_7.mp4	15
Four/Four_aug_8.mp4	15
Four/Four_aug_9.mp4	15
free/Free_6.mp4	16
free/free_10.mp4	16
free/free_11.mp4	16
free/free_13.mp4	16
free/free_14.mp4	16
free/free_15.mp4	16
free/free_2.mp4	16
free/free_3.mp4	16
free/free_4.mp4	16
free/free_7.mp4	16
free/free_8.mp4	16
free/free_9.mp4	16
free/free_aug_1.mp4	16
free/free_aug_10.mp4	16
free/free_aug_11.mp4	16
free/free_aug_12.mp4	16
free/free_aug_13.mp4	16
free/free_aug_14.mp4	16
free/free_aug_15.mp4	16
free/free_aug_16.mp4	16
free/free_aug_17.mp4	16
free/free_aug_18.mp4	16
free/free_aug_19.mp4	16
free/free_aug_2.mp4	16
free/free_aug_20.mp4	16
free/free_aug_21.mp4	16
free/free_aug_22.mp4	16
free/free_aug_23.mp4	16
free/free_aug_24.mp4	16
free/free_aug_25.mp4	16
free/free_aug_26.mp4	16
free/free_aug_27.mp4	16
free/free_aug_28.mp4	16
free/free_aug_29.mp4	16
free/free_aug_3.mp4	16
free/free_aug_30.mp4	16
free/free_aug_4.mp4	16
free/free_aug_5.mp4	16
free/free_aug_6.mp4	16
free/free_aug_7.mp4	16
free/free_aug_8.mp4	16
free/free_aug_9.mp4	16
Friday/Friday.mp4	17
Friday/Friday_1.mp4	17
Friday/Friday_10.mp4	17
Friday/Friday_11.mp4	17
Friday/Friday_12.mp4	17
Friday/Friday_14.mp4	17
Friday/Friday_3.mp4	17
Friday/Friday_4.mp4	17
Friday/Friday_6.mp4	17
Friday/Friday_7.mp4	17
Friday/Friday_8.mp4	17
Friday/Friday_9.mp4	17
Friday/Friday_aug_1.mp4	17
Friday/Friday_aug_10.mp4	17
Friday/Friday_aug_11.mp4	17
Friday/Friday_aug_12.mp4	17
Friday/Friday_aug_13.mp4	17
Friday/Friday_aug_14.mp4	17
Friday/Friday_aug_15.mp4	17
Friday/Friday_aug_16.mp4	17
Friday/Friday_aug_17.mp4	17
Friday/Friday_aug_18.mp4	17
Friday/Friday_aug_19.mp4	17
Friday/Friday_aug_2.mp4	17
Friday/Friday_aug_20.mp4	17
Friday/Friday_aug_21.mp4	17
Friday/Friday_aug_22.mp4	17
Friday/Friday_aug_23.mp4	17
Friday/Friday_aug_24.mp4	17
Friday/Friday_aug_25.mp4	17
Friday/Friday_aug_26.mp4	17
Friday/Friday_aug_27.mp4	17
Friday/Friday_aug_28.mp4	17
Friday/Friday_aug_29.mp4	17
Friday/Friday_aug_3.mp4	17
Friday/Friday_aug_30.mp4	17
Friday/Friday_aug_4.mp4	17
Friday/Friday_aug_5.mp4	17
Friday/Friday_aug_6.mp4	17
Friday/Friday_aug_7.mp4	17
Friday/Friday_aug_8.mp4	17
Friday/Friday_aug_9.mp4	17
Go/Go_10.mp4	18
Go/Go_11.mp4	18
Go/Go_12.mp4	18
Go/Go_13.mp4	18
Go/Go_14.mp4	18
Go/Go_3.mp4	18
Go/Go_4.mp4	18
Go/Go_5.mp4	18
Go/Go_6.mp4	18
Go/Go_7.mp4	18
Go/Go_8.mp4	18
Go/Go_9.mp4	18
Go/Go_aug_1.mp4	18
Go/Go_aug_10.mp4	18
Go/Go_aug_11.mp4	18
Go/Go_aug_12.mp4	18
Go/Go_aug_13.mp4	18
Go/Go_aug_14.mp4	18
Go/Go_aug_15.mp4	18
Go/Go_aug_16.mp4	18
Go/Go_aug_17.mp4	18
Go/Go_aug_18.mp4	18
Go/Go_aug_19.mp4	18
Go/Go_aug_2.mp4	18
Go/Go_aug_20.mp4	18
Go/Go_aug_21.mp4	18
Go/Go_aug_22.mp4	18
Go/Go_aug_23.mp4	18
Go/Go_aug_24.mp4	18
Go/Go_aug_25.mp4	18
Go/Go_aug_26.mp4	18
Go/Go_aug_27.mp4	18
Go/Go_aug_28.mp4	18
Go/Go_aug_29.mp4	18
Go/Go_aug_3.mp4	18
Go/Go_aug_30.mp4	18
Go/Go_aug_4.mp4	18
Go/Go_aug_5.mp4	18
Go/Go_aug_6.mp4	18
Go/Go_aug_7.mp4	18
Go/Go_aug_8.mp4	18
Go/Go_aug_9.mp4	18
Happy/Happy_1.mp4	19
Happy/Happy_10.mp4	19
Happy/Happy_11.mp4	19
Happy/Happy_14.mp4	19
Happy/Happy_15.mp4	19
Happy/Happy_2.mp4	19
Happy/Happy_3.mp4	19
Happy/Happy_4.mp4	19
Happy/Happy_5.mp4	19
Happy/Happy_6.mp4	19
Happy/Happy_7.mp4	19
Happy/Happy_aug_1.mp4	19
Happy/Happy_aug_10.mp4	19
Happy/Happy_aug_11.mp4	19
Happy/Happy_aug_12.mp4	19
Happy/Happy_aug_13.mp4	19
Happy/Happy_aug_14.mp4	19
Happy/Happy_aug_15.mp4	19
Happy/Happy_aug_16.mp4	19
Happy/Happy_aug_17.mp4	19
Happy/Happy_aug_18.mp4	19
Happy/Happy_aug_19.mp4	19
Happy/Happy_aug_2.mp4	19
Happy/Happy_aug_20.mp4	19
Happy/Happy_aug_21.mp4	19
Happy/Happy_aug_22.mp4	19
Happy/Happy_aug_23.mp4	19
Happy/Happy_aug_24.mp4	19
Happy/Happy_aug_25.mp4	19
Happy/Happy_aug_26.mp4	19
Happy/Happy_aug_27.mp4	19
Happy/Happy_aug_28.mp4	19
Happy/Happy_aug_29.mp4	19
Happy/Happy_aug_3.mp4	19
Happy/Happy_aug_30.mp4	19
Happy/Happy_aug_4.mp4	19
Happy/Happy_aug_5.mp4	19
Happy/Happy_aug_6.mp4	19
Happy/Happy_aug_7.mp4	19
Happy/Happy_aug_8.mp4	19
Happy/Happy_aug_9.mp4	19
Happy/happy.mp4	19
He_or_she/He_or_she_1.mp4	20
He_or_she/He_or_she_10.mp4	20
He_or_she/He_or_she_11.mp4	20
He_or_she/He_or_she_13.mp4	20
He_or_she/He_or_she_14.mp4	20
He_or_she/He_or_she_2.mp4	20
He_or_she/He_or_she_4.mp4	20
He_or_she/He_or_she_5.mp4	20
He_or_she/He_or_she_6.mp4	20
He_or_she/He_or_she_8.mp4	20
He_or_she/He_or_she_9.mp4	20
He_or_she/He_or_she_aug_1.mp4	20
He_or_she/He_or_she_aug_10.mp4	20
He_or_she/He_or_she_aug_11.mp4	20
He_or_she/He_or_she_aug_12.mp4	20
He_or_she/He_or_she_aug_13.mp4	20
He_or_she/He_or_she_aug_14.mp4	20
He_or_she/He_or_she_aug_15.mp4	20
He_or_she/He_or_she_aug_16.mp4	20
He_or_she/He_or_she_aug_17.mp4	20
He_or_she/He_or_she_aug_18.mp4	20
He_or_she/He_or_she_aug_19.mp4	20
He_or_she/He_or_she_aug_2.mp4	20
He_or_she/He_or_she_aug_20.mp4	20
He_or_she/He_or_she_aug_21.mp4	20
He_or_she/He_or_she_aug_22.mp4	20
He_or_she/He_or_she_aug_23.mp4	20
He_or_she/He_or_she_aug_24.mp4	20
He_or_she/He_or_she_aug_25.mp4	20
He_or_she/He_or_she_aug_26.mp4	20
He_or_she/He_or_she_aug_27.mp4	20
He_or_she/He_or_she_aug_28.mp4	20
He_or_she/He_or_she_aug_29.mp4	20
He_or_she/He_or_she_aug_3.mp4	20
He_or_she/He_or_she_aug_30.mp4	20
He_or_she/He_or_she_aug_4.mp4	20
He_or_she/He_or_she_aug_5.mp4	20
He_or_she/He_or_she_aug_6.mp4	20
He_or_she/He_or_she_aug_7.mp4	20
He_or_she/He_or_she_aug_8.mp4	20
He_or_she/He_or_she_aug_9.mp4	20
He_or_she/he_or_she.mp4	20
Healthy/Healthy_10.mp4	21
Healthy/Healthy_11.mp4	21
Healthy/Healthy_13.mp4	21
Healthy/Healthy_14.mp4	21
Healthy/Healthy_15.mp4	21
Healthy/Healthy_4.mp4	21
Healthy/Healthy_5.mp4	21
Healthy/Healthy_6.mp4	21
Healthy/Healthy_7.mp4	21
Healthy/Healthy_8.mp4	21
Healthy/Healthy_9.mp4	21
Healthy/Healthy_aug_1.mp4	21
Healthy/Healthy_aug_10.mp4	21
Healthy/Healthy_aug_11.mp4	21
Healthy/Healthy_aug_12.mp4	21
Healthy/Healthy_aug_13.mp4	21
Healthy/Healthy_aug_14.mp4	21
Healthy/Healthy_aug_15.mp4	21
Healthy/Healthy_aug_16.mp4	21
Healthy/Healthy_aug_17.mp4	21
Healthy/Healthy_aug_18.mp4	21
Healthy/Healthy_aug_19.mp4	21
Healthy/Healthy_aug_2.mp4	21
Healthy/Healthy_aug_20.mp4	21
Healthy/Healthy_aug_21.mp4	21
Healthy/Healthy_aug_22.mp4	21
Healthy/Healthy_aug_23.mp4	21
Healthy/Healthy_aug_24.mp4	21
Healthy/Healthy_aug_25.mp4	21
Healthy/Healthy_aug_26.mp4	21
Healthy/Healthy_aug_27.mp4	21
Healthy/Healthy_aug_28.mp4	21
Healthy/Healthy_aug_29.mp4	21
Healthy/Healthy_aug_3.mp4	21
Healthy/Healthy_aug_30.mp4	21
Healthy/Healthy_aug_4.mp4	21
Healthy/Healthy_aug_5.mp4	21
Healthy/Healthy_aug_6.mp4	21
Healthy/Healthy_aug_7.mp4	21
Healthy/Healthy_aug_8.mp4	21
Healthy/Healthy_aug_9.mp4	21
Healthy/healthy.mp4	21
Hear/Hear_10.mp4	22
Hear/Hear_11.mp4	22
Hear/Hear_13.mp4	22
Hear/Hear_14.mp4	22
Hear/Hear_15.mp4	22
Hear/Hear_2.mp4	22
Hear/Hear_4.mp4	22
Hear/Hear_5.mp4	22
Hear/Hear_6.mp4	22
Hear/Hear_8.mp4	22
Hear/Hear_9.mp4	22
Hear/Hear_aug_1.mp4	22
Hear/Hear_aug_10.mp4	22
Hear/Hear_aug_11.mp4	22
Hear/Hear_aug_12.mp4	22
Hear/Hear_aug_13.mp4	22
Hear/Hear_aug_14.mp4	22
Hear/Hear_aug_15.mp4	22
Hear/Hear_aug_16.mp4	22
Hear/Hear_aug_17.mp4	22
Hear/Hear_aug_18.mp4	22
Hear/Hear_aug_19.mp4	22
Hear/Hear_aug_2.mp4	22
Hear/Hear_aug_20.mp4	22
Hear/Hear_aug_21.mp4	22
Hear/Hear_aug_22.mp4	22
Hear/Hear_aug_23.mp4	22
Hear/Hear_aug_24.mp4	22
Hear/Hear_aug_25.mp4	22
Hear/Hear_aug_26.mp4	22
Hear/Hear_aug_27.mp4	22
Hear/Hear_aug_28.mp4	22
Hear/Hear_aug_29.mp4	22
Hear/Hear_aug_3.mp4	22
Hear/Hear_aug_30.mp4	22
Hear/Hear_aug_4.mp4	22
Hear/Hear_aug_5.mp4	22
Hear/Hear_aug_6.mp4	22
Hear/Hear_aug_7.mp4	22
Hear/Hear_aug_8.mp4	22
Hear/Hear_aug_9.mp4	22
Hear/hear_12.mp4	22
hi/Hi_7.mp4	23
hi/hi.mp4	23
hi/hi_1.mp4	23
hi/hi_10.mp4	23
hi/hi_11.mp4	23
hi/hi_12.mp4	23
hi/hi_13.mp4	23
hi/hi_14.mp4	23
hi/hi_2.mp4	23
hi/hi_3.mp4	23
hi/hi_4.mp4	23
hi/hi_5.mp4	23
hi/hi_aug_1.mp4	23
hi/hi_aug_10.mp4	23
hi/hi_aug_11.mp4	23
hi/hi_aug_12.mp4	23
hi/hi_aug_13.mp4	23
hi/hi_aug_14.mp4	23
hi/hi_aug_15.mp4	23
hi/hi_aug_16.mp4	23
hi/hi_aug_17.mp4	23
hi/hi_aug_18.mp4	23
hi/hi_aug_19.mp4	23
hi/hi_aug_2.mp4	23
hi/hi_aug_20.mp4	23
hi/hi_aug_21.mp4	23
hi/hi_aug_22.mp4	23
hi/hi_aug_23.mp4	23
hi/hi_aug_24.mp4	23
hi/hi_aug_25.mp4	23
hi/hi_aug_26.mp4	23
hi/hi_aug_27.mp4	23
hi/hi_aug_28.mp4	23
hi/hi_aug_29.mp4	23
hi/hi_aug_3.mp4	23
hi/hi_aug_30.mp4	23
hi/hi_aug_4.mp4	23
hi/hi_aug_5.mp4	23
hi/hi_aug_6.mp4	23
hi/hi_aug_7.mp4	23
hi/hi_aug_8.mp4	23
hi/hi_aug_9.mp4	23
Home/Home_10.mp4	24
Home/Home_12.mp4	24
Home/Home_13.mp4	24
Home/Home_14.mp4	24
Home/Home_15.mp4	24
Home/Home_2.mp4	24
Home/Home_3.mp4	24
Home/Home_4.mp4	24
Home/Home_5.mp4	24
Home/Home_8.mp4	24
Home/Home_9.mp4	24
Home/Home_aug_1.mp4	24
Home/Home_aug_10.mp4	24
Home/Home_aug_11.mp4	24
Home/Home_aug_12.mp4	24
Home/Home_aug_13.mp4	24
Home/Home_aug_14.mp4	24
Home/Home_aug_15.mp4	24
Home/Home_aug_16.mp4	24
Home/Home_aug_17.mp4	24
Home/Home_aug_18.mp4	24
Home/Home_aug_19.mp4	24
Home/Home_aug_2.mp4	24
Home/Home_aug_20.mp4	24
Home/Home_aug_21.mp4	24
Home/Home_aug_22.mp4	24
Home/Home_aug_23.mp4	24
Home/Home_aug_24.mp4	24
Home/Home_aug_25.mp4	24
Home/Home_aug_26.mp4	24
Home/Home_aug_27.mp4	24
Home/Home_aug_28.mp4	24
Home/Home_aug_29.mp4	24
Home/Home_aug_3.mp4	24
Home/Home_aug_30.mp4	24
Home/Home_aug_4.mp4	24
Home/Home_aug_5.mp4	24
Home/Home_aug_6.mp4	24
Home/Home_aug_7.mp4	24
Home/Home_aug_8.mp4	24
Home/Home_aug_9.mp4	24
Home/home.mp4	24
Hospital/Hospital_1.mp4	25
Hospital/Hospital_12.mp4	25
Hospital/Hospital_13.mp4	25
Hospital/Hospital_14.mp4	25
Hospital/Hospital_15.mp4	25
Hospital/Hospital_2.mp4	25
Hospital/Hospital_3.mp4	25
Hospital/Hospital_4.mp4	25
Hospital/Hospital_6.mp4	25
Hospital/Hospital_7.mp4	25
Hospital/Hospital_8.mp4	25
Hospital/Hospital_9.mp4	25
Hospital/Hospital_aug_1.mp4	25
Hospital/Hospital_aug_10.mp4	25
Hospital/Hospital_aug_11.mp4	25
Hospital/Hospital_aug_12.mp4	25
Hospital/Hospital_aug_13.mp4	25
Hospital/Hospital_aug_14.mp4	25
Hospital/Hospital_aug_15.mp4	25
Hospital/Hospital_aug_16.mp4	25
Hospital/Hospital_aug_17.mp4	25
Hospital/Hospital_aug_18.mp4	25
Hospital/Hospital_aug_19.mp4	25
Hospital/Hospital_aug_2.mp4	25
Hospital/Hospital_aug_20.mp4	25
Hospital/Hospital_aug_21.mp4	25
Hospital/Hospital_aug_22.mp4	25
Hospital/Hospital_aug_23.mp4	25
Hospital/Hospital_aug_24.mp4	25
Hospital/Hospital_aug_25.mp4	25
Hospital/Hospital_aug_26.mp4	25
Hospital/Hospital_aug_27.mp4	25
Hospital/Hospital_aug_28.mp4	25
Hospital/Hospital_aug_29.mp4	25
Hospital/Hospital_aug_3.mp4	25
Hospital/Hospital_aug_30.mp4	25
Hospital/Hospital_aug_4.mp4	25
Hospital/Hospital_aug_5.mp4	25
Hospital/Hospital_aug_6.mp4	25
Hospital/Hospital_aug_7.mp4	25
Hospital/Hospital_aug_8.mp4	25
Hospital/Hospital_aug_9.mp4	25
I/I.mp4	26
I/I_10.mp4	26
I/I_11.mp4	26
I/I_12.mp4	26
I/I_15.mp4	26
I/I_2.mp4	26
I/I_3.mp4	26
I/I_4.mp4	26
I/I_5.mp4	26
I/I_6.mp4	26
I/I_7.mp4	26
I/I_8.mp4	26
I/I_aug_1.mp4	26
I/I_aug_10.mp4	26
I/I_aug_11.mp4	26
I/I_aug_12.mp4	26
I/I_aug_13.mp4	26
I/I_aug_14.mp4	26
I/I_aug_15.mp4	26
I/I_aug_16.mp4	26
I/I_aug_17.mp4	26
I/I_aug_18.mp4	26
I/I_aug_19.mp4	26
I/I_aug_2.mp4	26
I/I_aug_20.mp4	26
I/I_aug_21.mp4	26
I/I_aug_22.mp4	26
I/I_aug_23.mp4	26
I/I_aug_24.mp4	26
I/I_aug_25.mp4	26
I/I_aug_26.mp4	26
I/I_aug_27.mp4	26
I/I_aug_28.mp4	26
I/I_aug_29.mp4	26
I/I_aug_3.mp4	26
I/I_aug_30.mp4	26
I/I_aug_4.mp4	26
I/I_aug_5.mp4	26
I/I_aug_6.mp4	26
I/I_aug_7.mp4	26
I/I_aug_8.mp4	26
I/I_aug_9.mp4	26
Internet/Internet_1.mp4	27
Internet/Internet_10.mp4	27
Internet/Internet_11.mp4	27
Internet/Internet_12.mp4	27
Internet/Internet_13.mp4	27
Internet/Internet_15.mp4	27
Internet/Internet_4.mp4	27
Internet/Internet_5.mp4	27
Internet/Internet_6.mp4	27
Internet/Internet_7.mp4	27
Internet/Internet_9.mp4	27
Internet/Internet_aug_1.mp4	27
Internet/Internet_aug_10.mp4	27
Internet/Internet_aug_11.mp4	27
Internet/Internet_aug_12.mp4	27
Internet/Internet_aug_13.mp4	27
Internet/Internet_aug_14.mp4	27
Internet/Internet_aug_15.mp4	27
Internet/Internet_aug_16.mp4	27
Internet/Internet_aug_17.mp4	27
Internet/Internet_aug_18.mp4	27
Internet/Internet_aug_19.mp4	27
Internet/Internet_aug_2.mp4	27
Internet/Internet_aug_20.mp4	27
Internet/Internet_aug_21.mp4	27
Internet/Internet_aug_22.mp4	27
Internet/Internet_aug_23.mp4	27
Internet/Internet_aug_24.mp4	27
Internet/Internet_aug_25.mp4	27
Internet/Internet_aug_26.mp4	27
Internet/Internet_aug_27.mp4	27
Internet/Internet_aug_28.mp4	27
Internet/Internet_aug_29.mp4	27
Internet/Internet_aug_3.mp4	27
Internet/Internet_aug_30.mp4	27
Internet/Internet_aug_4.mp4	27
Internet/Internet_aug_5.mp4	27
Internet/Internet_aug_6.mp4	27
Internet/Internet_aug_7.mp4	27
Internet/Internet_aug_8.mp4	27
Internet/Internet_aug_9.mp4	27
Internet/internet.mp4	27
Left/Left.mp4	28
Left/Left_1.mp4	28
Left/Left_10.mp4	28
Left/Left_11.mp4	28
Left/Left_12.mp4	28
Left/Left_14.mp4	28
Left/Left_15.mp4	28
Left/Left_2.mp4	28
Left/Left_4.mp4	28
Left/Left_7.mp4	28
Left/Left_8.mp4	28
Left/Left_9.mp4	28
Left/Left_aug_1.mp4	28
Left/Left_aug_10.mp4	28
Left/Left_aug_11.mp4	28
Left/Left_aug_12.mp4	28
Left/Left_aug_13.mp4	28
Left/Left_aug_14.mp4	28
Left/Left_aug_15.mp4	28
Left/Left_aug_16.mp4	28
Left/Left_aug_17.mp4	28
Left/Left_aug_18.mp4	28
Left/Left_aug_19.mp4	28
Left/Left_aug_2.mp4	28
Left/Left_aug_20.mp4	28
Left/Left_aug_21.mp4	28
Left/Left_aug_22.mp4	28
Left/Left_aug_23.mp4	28
Left/Left_aug_24.mp4	28
Left/Left_aug_25.mp4	28
Left/Left_aug_26.mp4	28
Left/Left_aug_27.mp4	28
Left/Left_aug_28.mp4	28
Left/Left_aug_29.mp4	28
Left/Left_aug_3.mp4	28
Left/Left_aug_30.mp4	28
Left/Left_aug_4.mp4	28
Left/Left_aug_5.mp4	28
Left/Left_aug_6.mp4	28
Left/Left_aug_7.mp4	28
Left/Left_aug_8.mp4	28
Left/Left_aug_9.mp4	28
Medicine/Medicine_10.mp4	29
Medicine/Medicine_11.mp4	29
Medicine/Medicine_12.mp4	29
Medicine/Medicine_13.mp4	29
Medicine/Medicine_14.mp4	29
Medicine/Medicine_2.mp4	29
Medicine/Medicine_3.mp4	29
Medicine/Medicine_4.mp4	29
Medicine/Medicine_5.mp4	29
Medicine/Medicine_8.mp4	29
Medicine/Medicine_9.mp4	29
Medicine/Medicine_aug_1.mp4	29
Medicine/Medicine_aug_10.mp4	29
Medicine/Medicine_aug_11.mp4	29
Medicine/Medicine_aug_12.mp4	29
Medicine/Medicine_aug_13.mp4	29
Medicine/Medicine_aug_14.mp4	29
Medicine/Medicine_aug_15.mp4	29
Medicine/Medicine_aug_16.mp4	29
Medicine/Medicine_aug_17.mp4	29
Medicine/Medicine_aug_18.mp4	29
Medicine/Medicine_aug_19.mp4	29
Medicine/Medicine_aug_2.mp4	29
Medicine/Medicine_aug_20.mp4	29
Medicine/Medicine_aug_21.mp4	29
Medicine/Medicine_aug_22.mp4	29
Medicine/Medicine_aug_23.mp4	29
Medicine/Medicine_aug_24.mp4	29
Medicine/Medicine_aug_25.mp4	29
Medicine/Medicine_aug_26.mp4	29
Medicine/Medicine_aug_27.mp4	29
Medicine/Medicine_aug_28.mp4	29
Medicine/Medicine_aug_29.mp4	29
Medicine/Medicine_aug_3.mp4	29
Medicine/Medicine_aug_30.mp4	29
Medicine/Medicine_aug_4.mp4	29
Medicine/Medicine_aug_5.mp4	29
Medicine/Medicine_aug_6.mp4	29
Medicine/Medicine_aug_7.mp4	29
Medicine/Medicine_aug_8.mp4	29
Medicine/Medicine_aug_9.mp4	29
Medicine/medicine.mp4	29
meet/Meet_11.mp4	30
meet/Meet_4.mp4	30
meet/Meet_5.mp4	30
meet/Meet_6.mp4	30
meet/Meet_8.mp4	30
meet/Meet_9.mp4	30
meet/meet.mp4	30
meet/meet_1.mp4	30
meet/meet_10.mp4	30
meet/meet_12.mp4	30
meet/meet_13.mp4	30
meet/meet_2.mp4	30
meet/meet_aug_1.mp4	30
meet/meet_aug_10.mp4	30
meet/meet_aug_11.mp4	30
meet/meet_aug_12.mp4	30
meet/meet_aug_13.mp4	30
meet/meet_aug_14.mp4	30
meet/meet_aug_15.mp4	30
meet/meet_aug_16.mp4	30
meet/meet_aug_17.mp4	30
meet/meet_aug_18.mp4	30
meet/meet_aug_19.mp4	30
meet/meet_aug_2.mp4	30
meet/meet_aug_20.mp4	30
meet/meet_aug_21.mp4	30
meet/meet_aug_22.mp4	30
meet/meet_aug_23.mp4	30
meet/meet_aug_24.mp4	30
meet/meet_aug_25.mp4	30
meet/meet_aug_26.mp4	30
meet/meet_aug_27.mp4	30
meet/meet_aug_28.mp4	30
meet/meet_aug_29.mp4	30
meet/meet_aug_3.mp4	30
meet/meet_aug_30.mp4	30
meet/meet_aug_4.mp4	30
meet/meet_aug_5.mp4	30
meet/meet_aug_6.mp4	30
meet/meet_aug_7.mp4	30
meet/meet_aug_8.mp4	30
meet/meet_aug_9.mp4	30
Mobile_phone/Mobile_phone_1.mp4	31
Mobile_phone/Mobile_phone_12.mp4	31
Mobile_phone/Mobile_phone_15.mp4	31
Mobile_phone/Mobile_phone_2.mp4	31
Mobile_phone/Mobile_phone_3.mp4	31
Mobile_phone/Mobile_phone_4.mp4	31
Mobile_phone/Mobile_phone_5.mp4	31
Mobile_phone/Mobile_phone_6.mp4	31
Mobile_phone/Mobile_phone_7.mp4	31
Mobile_phone/Mobile_phone_8.mp4	31
Mobile_phone/Mobile_phone_9.mp4	31
Mobile_phone/Mobile_phone_aug_1.mp4	31
Mobile_phone/Mobile_phone_aug_10.mp4	31
Mobile_phone/Mobile_phone_aug_11.mp4	31
Mobile_phone/Mobile_phone_aug_12.mp4	31
Mobile_phone/Mobile_phone_aug_13.mp4	31
Mobile_phone/Mobile_phone_aug_14.mp4	31
Mobile_phone/Mobile_phone_aug_15.mp4	31
Mobile_phone/Mobile_phone_aug_16.mp4	31
Mobile_phone/Mobile_phone_aug_17.mp4	31
Mobile_phone/Mobile_phone_aug_18.mp4	31
Mobile_phone/Mobile_phone_aug_19.mp4	31
Mobile_phone/Mobile_phone_aug_2.mp4	31
Mobile_phone/Mobile_phone_aug_20.mp4	31
Mobile_phone/Mobile_phone_aug_21.mp4	31
Mobile_phone/Mobile_phone_aug_22.mp4	31
Mobile_phone/Mobile_phone_aug_23.mp4	31
Mobile_phone/Mobile_phone_aug_24.mp4	31
Mobile_phone/Mobile_phone_aug_25.mp4	31
Mobile_phone/Mobile_phone_aug_26.mp4	31
Mobile_phone/Mobile_phone_aug_27.mp4	31
Mobile_phone/Mobile_phone_aug_28.mp4	31
Mobile_phone/Mobile_phone_aug_29.mp4	31
Mobile_phone/Mobile_phone_aug_3.mp4	31
Mobile_phone/Mobile_phone_aug_30.mp4	31
Mobile_phone/Mobile_phone_aug_4.mp4	31
Mobile_phone/Mobile_phone_aug_5.mp4	31
Mobile_phone/Mobile_phone_aug_6.mp4	31
Mobile_phone/Mobile_phone_aug_7.mp4	31
Mobile_phone/Mobile_phone_aug_8.mp4	31
Mobile_phone/Mobile_phone_aug_9.mp4	31
Mobile_phone/mobile_phone.mp4	31
Monday/Monday.mp4	32
Monday/Monday_1.mp4	32
Monday/Monday_10.mp4	32
Monday/Monday_11.mp4	32
Monday/Monday_12.mp4	32
Monday/Monday_13.mp4	32
Monday/Monday_2.mp4	32
Monday/Monday_3.mp4	32
Monday/Monday_4.mp4	32
Monday/Monday_7.mp4	32
Monday/Monday_8.mp4	32
Monday/Monday_9.mp4	32
Monday/Monday_aug_1.mp4	32
Monday/Monday_aug_10.mp4	32
Monday/Monday_aug_11.mp4	32
Monday/Monday_aug_12.mp4	32
Monday/Monday_aug_13.mp4	32
Monday/Monday_aug_14.mp4	32
Monday/Monday_aug_15.mp4	32
Monday/Monday_aug_16.mp4	32
Monday/Monday_aug_17.mp4	32
Monday/Monday_aug_18.mp4	32
Monday/Monday_aug_19.mp4	32
Monday/Monday_aug_2.mp4	32
Monday/Monday_aug_20.mp4	32
Monday/Monday_aug_21.mp4	32
Monday/Monday_aug_22.mp4	32
Monday/Monday_aug_23.mp4	32
Monday/Monday_aug_24.mp4	32
Monday/Monday_aug_25.mp4	32
Monday/Monday_aug_26.mp4	32
Monday/Monday_aug_27.mp4	32
Monday/Monday_aug_28.mp4	32
Monday/Monday_aug_29.mp4	32
Monday/Monday_aug_3.mp4	32
Monday/Monday_aug_30.mp4	32
Monday/Monday_aug_4.mp4	32
Monday/Monday_aug_5.mp4	32
Monday/Monday_aug_6.mp4	32
Monday/Monday_aug_7.mp4	32
Monday/Monday_aug_8.mp4	32
Monday/Monday_aug_9.mp4	32
Mother/Mother_1.mp4	33
Mother/Mother_10.mp4	33
Mother/Mother_12.mp4	33
Mother/Mother_13.mp4	33
Mother/Mother_14.mp4	33
Mother/Mother_15.mp4	33
Mother/Mother_2.mp4	33
Mother/Mother_3.mp4	33
Mother/Mother_5.mp4	33
Mother/Mother_6.mp4	33
Mother/Mother_8.mp4	33
Mother/Mother_aug_1.mp4	33
Mother/Mother_aug_10.mp4	33
Mother/Mother_aug_11.mp4	33
Mother/Mother_aug_12.mp4	33
Mother/Mother_aug_13.mp4	33
Mother/Mother_aug_14.mp4	33
Mother/Mother_aug_15.mp4	33
Mother/Mother_aug_16.mp4	33
Mother/Mother_aug_17.mp4	33
Mother/Mother_aug_18.mp4	33
Mother/Mother_aug_19.mp4	33
Mother/Mother_aug_2.mp4	33
Mother/Mother_aug_20.mp4	33
Mother/Mother_aug_21.mp4	33
Mother/Mother_aug_22.mp4	33
Mother/Mother_aug_23.mp4	33
Mother/Mother_aug_24.mp4	33
Mother/Mother_aug_25.mp4	33
Mother/Mother_aug_26.mp4	33
Mother/Mother_aug_27.mp4	33
Mother/Mother_aug_28.mp4	33
Mother/Mother_aug_29.mp4	33
Mother/Mother_aug_3.mp4	33
Mother/Mother_aug_30.mp4	33
Mother/Mother_aug_4.mp4	33
Mother/Mother_aug_5.mp4	33
Mother/Mother_aug_6.mp4	33
Mother/Mother_aug_7.mp4	33
Mother/Mother_aug_8.mp4	33
Mother/Mother_aug_9.mp4	33
Mother/mother.mp4	33
One/One.mp4	34
One/One_1.mp4	34
One/One_11.mp4	34
One/One_12.mp4	34
One/One_13.mp4	34
One/One_15.mp4	34
One/One_2.mp4	34
One/One_3.mp4	34
One/One_5.mp4	34
One/One_6.mp4	34
One/One_7.mp4	34
One/One_9.mp4	34
One/One_aug_1.mp4	34
One/One_aug_10.mp4	34
One/One_aug_11.mp4	34
One/One_aug_12.mp4	34
One/One_aug_13.mp4	34
One/One_aug_14.mp4	34
One/One_aug_15.mp4	34
One/One_aug_16.mp4	34
One/One_aug_17.mp4	34
One/One_aug_18.mp4	34
One/One_aug_19.mp4	34
One/One_aug_2.mp4	34
One/One_aug_20.mp4	34
One/One_aug_21.mp4	34
One/One_aug_22.mp4	34
One/One_aug_23.mp4	34
One/One_aug_24.mp4	34
One/One_aug_25.mp4	34
One/One_aug_26.mp4	34
One/One_aug_27.mp4	34
One/One_aug_28.mp4	34
One/One_aug_29.mp4	34
One/One_aug_3.mp4	34
One/One_aug_30.mp4	34
One/One_aug_4.mp4	34
One/One_aug_5.mp4	34
One/One_aug_6.mp4	34
One/One_aug_7.mp4	34
One/One_aug_8.mp4	34
One/One_aug_9.mp4	34
other/Other.mp4	35
other/other_1.mp4	35
other/other_11.mp4	35
other/other_13.mp4	35
other/other_14.mp4	35
other/other_15.mp4	35
other/other_3.mp4	35
other/other_4.mp4	35
other/other_6.mp4	35
other/other_7.mp4	35
other/other_8.mp4	35
other/other_9.mp4	35
other/other_aug_1.mp4	35
other/other_aug_10.mp4	35
other/other_aug_11.mp4	35
other/other_aug_12.mp4	35
other/other_aug_13.mp4	35
other/other_aug_14.mp4	35
other/other_aug_15.mp4	35
other/other_aug_16.mp4	35
other/other_aug_17.mp4	35
other/other_aug_18.mp4	35
other/other_aug_19.mp4	35
other/other_aug_2.mp4	35
other/other_aug_20.mp4	35
other/other_aug_21.mp4	35
other/other_aug_22.mp4	35
other/other_aug_23.mp4	35
other/other_aug_24.mp4	35
other/other_aug_25.mp4	35
other/other_aug_26.mp4	35
other/other_aug_27.mp4	35
other/other_aug_28.mp4	35
other/other_aug_29.mp4	35
other/other_aug_3.mp4	35
other/other_aug_30.mp4	35
other/other_aug_4.mp4	35
other/other_aug_5.mp4	35
other/other_aug_6.mp4	35
other/other_aug_7.mp4	35
other/other_aug_8.mp4	35
other/other_aug_9.mp4	35
please/please.mp4	36
please/please_1.mp4	36
please/please_11.mp4	36
please/please_12.mp4	36
please/please_14.mp4	36
please/please_2.mp4	36
please/please_3.mp4	36
please/please_4.mp4	36
please/please_5.mp4	36
please/please_6.mp4	36
please/please_7.mp4	36
please/please_8.mp4	36
please/please_aug_1.mp4	36
please/please_aug_10.mp4	36
please/please_aug_11.mp4	36
please/please_aug_12.mp4	36
please/please_aug_13.mp4	36
please/please_aug_14.mp4	36
please/please_aug_15.mp4	36
please/please_aug_16.mp4	36
please/please_aug_17.mp4	36
please/please_aug_18.mp4	36
please/please_aug_19.mp4	36
please/please_aug_2.mp4	36
please/please_aug_20.mp4	36
please/please_aug_21.mp4	36
please/please_aug_22.mp4	36
please/please_aug_23.mp4	36
please/please_aug_24.mp4	36
please/please_aug_25.mp4	36
please/please_aug_26.mp4	36
please/please_aug_27.mp4	36
please/please_aug_28.mp4	36
please/please_aug_29.mp4	36
please/please_aug_3.mp4	36
please/please_aug_30.mp4	36
please/please_aug_4.mp4	36
please/please_aug_5.mp4	36
please/please_aug_6.mp4	36
please/please_aug_7.mp4	36
please/please_aug_8.mp4	36
please/please_aug_9.mp4	36
Read/Read_1.mp4	37
Read/Read_10.mp4	37
Read/Read_12.mp4	37
Read/Read_14.mp4	37
Read/Read_15.mp4	37
Read/Read_2.mp4	37
Read/Read_3.mp4	37
Read/Read_5.mp4	37
Read/Read_6.mp4	37
Read/Read_7.mp4	37
Read/Read_9.mp4	37
Read/Read_aug_1.mp4	37
Read/Read_aug_10.mp4	37
Read/Read_aug_11.mp4	37
Read/Read_aug_12.mp4	37
Read/Read_aug_13.mp4	37
Read/Read_aug_14.mp4	37
Read/Read_aug_15.mp4	37
Read/Read_aug_16.mp4	37
Read/Read_aug_17.mp4	37
Read/Read_aug_18.mp4	37
Read/Read_aug_19.mp4	37
Read/Read_aug_2.mp4	37
Read/Read_aug_20.mp4	37
Read/Read_aug_21.mp4	37
Read/Read_aug_22.mp4	37
Read/Read_aug_23.mp4	37
Read/Read_aug_24.mp4	37
Read/Read_aug_25.mp4	37
Read/Read_aug_26.mp4	37
Read/Read_aug_27.mp4	37
Read/Read_aug_28.mp4	37
Read/Read_aug_29.mp4	37
Read/Read_aug_3.mp4	37
Read/Read_aug_30.mp4	37
Read/Read_aug_4.mp4	37
Read/Read_aug_5.mp4	37
Read/Read_aug_6.mp4	37
Read/Read_aug_7.mp4	37
Read/Read_aug_8.mp4	37
Read/Read_aug_9.mp4	37
Read/read.mp4	37
Right/Right.mp4	38
Right/Right_10.mp4	38
Right/Right_12.mp4	38
Right/Right_14.mp4	38
Right/Right_15.mp4	38
Right/Right_2.mp4	38
Right/Right_4.mp4	38
Right/Right_5.mp4	38
Right/Right_6.mp4	38
Right/Right_7.mp4	38
Right/Right_8.mp4	38
Right/Right_9.mp4	38
Right/Right_aug_1.mp4	38
Right/Right_aug_10.mp4	38
Right/Right_aug_11.mp4	38
Right/Right_aug_12.mp4	38
Right/Right_aug_13.mp4	38
Right/Right_aug_14.mp4	38
Right/Right_aug_15.mp4	38
Right/Right_aug_16.mp4	38
Right/Right_aug_17.mp4	38
Right/Right_aug_18.mp4	38
Right/Right_aug_19.mp4	38
Right/Right_aug_2.mp4	38
Right/Right_aug_20.mp4	38
Right/Right_aug_21.mp4	38
Right/Right_aug_22.mp4	38
Right/Right_aug_23.mp4	38
Right/Right_aug_24.mp4	38
Right/Right_aug_25.mp4	38
Right/Right_aug_26.mp4	38
Right/Right_aug_27.mp4	38
Right/Right_aug_28.mp4	38
Right/Right_aug_29.mp4	38
Right/Right_aug_3.mp4	38
Right/Right_aug_30.mp4	38
Right/Right_aug_4.mp4	38
Right/Right_aug_5.mp4	38
Right/Right_aug_6.mp4	38
Right/Right_aug_7.mp4	38
Right/Right_aug_8.mp4	38
Right/Right_aug_9.mp4	38
Sad/Sad_1.mp4	39
Sad/Sad_13.mp4	39
Sad/Sad_14.mp4	39
Sad/Sad_15.mp4	39
Sad/Sad_2.mp4	39
Sad/Sad_3.mp4	39
Sad/Sad_4.mp4	39
Sad/Sad_6.mp4	39
Sad/Sad_7.mp4	39
Sad/Sad_8.mp4	39
Sad/Sad_aug_1.mp4	39
Sad/Sad_aug_10.mp4	39
Sad/Sad_aug_11.mp4	39
Sad/Sad_aug_12.mp4	39
Sad/Sad_aug_13.mp4	39
Sad/Sad_aug_14.mp4	39
Sad/Sad_aug_15.mp4	39
Sad/Sad_aug_16.mp4	39
Sad/Sad_aug_17.mp4	39
Sad/Sad_aug_18.mp4	39
Sad/Sad_aug_19.mp4	39
Sad/Sad_aug_2.mp4	39
Sad/Sad_aug_20.mp4	39
Sad/Sad_aug_21.mp4	39
Sad/Sad_aug_22.mp4	39
Sad/Sad_aug_23.mp4	39
Sad/Sad_aug_24.mp4	39
Sad/Sad_aug_25.mp4	39
Sad/Sad_aug_26.mp4	39
Sad/Sad_aug_27.mp4	39
Sad/Sad_aug_28.mp4	39
Sad/Sad_aug_29.mp4	39
Sad/Sad_aug_3.mp4	39
Sad/Sad_aug_30.mp4	39
Sad/Sad_aug_4.mp4	39
Sad/Sad_aug_5.mp4	39
Sad/Sad_aug_6.mp4	39
Sad/Sad_aug_7.mp4	39
Sad/Sad_aug_8.mp4	39
Sad/Sad_aug_9.mp4	39
Sad/sad.mp4	39
Sad/sad_9.mp4	39
Saturday/Saturday.mp4	40
Saturday/Saturday_1.mp4	40
Saturday/Saturday_10.mp4	40
Saturday/Saturday_11.mp4	40
Saturday/Saturday_12.mp4	40
Saturday/Saturday_14.mp4	40
Saturday/Saturday_15.mp4	40
Saturday/Saturday_2.mp4	40
Saturday/Saturday_3.mp4	40
Saturday/Saturday_4.mp4	40
Saturday/Saturday_6.mp4	40
Saturday/Saturday_7.mp4	40
Saturday/Saturday_aug_1.mp4	40
Saturday/Saturday_aug_10.mp4	40
Saturday/Saturday_aug_11.mp4	40
Saturday/Saturday_aug_12.mp4	40
Saturday/Saturday_aug_13.mp4	40
Saturday/Saturday_aug_14.mp4	40
Saturday/Saturday_aug_15.mp4	40
Saturday/Saturday_aug_16.mp4	40
Saturday/Saturday_aug_17.mp4	40
Saturday/Saturday_aug_18.mp4	40
Saturday/Saturday_aug_19.mp4	40
Saturday/Saturday_aug_2.mp4	40
Saturday/Saturday_aug_20.mp4	40
Saturday/Saturday_aug_21.mp4	40
Saturday/Saturday_aug_22.mp4	40
Saturday/Saturday_aug_23.mp4	40
Saturday/Saturday_aug_24.mp4	40
Saturday/Saturday_aug_25.mp4	40
Saturday/Saturday_aug_26.mp4	40
Saturday/Saturday_aug_27.mp4	40
Saturday/Saturday_aug_28.mp4	40
Saturday/Saturday_aug_29.mp4	40
Saturday/Saturday_aug_3.mp4	40
Saturday/Saturday_aug_30.mp4	40
Saturday/Saturday_aug_4.mp4	40
Saturday/Saturday_aug_5.mp4	40
Saturday/Saturday_aug_6.mp4	40
Saturday/Saturday_aug_7.mp4	40
Saturday/Saturday_aug_8.mp4	40
Saturday/Saturday_aug_9.mp4	40
See/See_1.mp4	41
See/See_10.mp4	41
See/See_12.mp4	41
See/See_13.mp4	41
See/See_15.mp4	41
See/See_2.mp4	41
See/See_4.mp4	41
See/See_5.mp4	41
See/See_7.mp4	41
See/See_8.mp4	41
See/See_9.mp4	41
See/See_aug_1.mp4	41
See/See_aug_10.mp4	41
See/See_aug_11.mp4	41
See/See_aug_12.mp4	41
See/See_aug_13.mp4	41
See/See_aug_14.mp4	41
See/See_aug_15.mp4	41
See/See_aug_16.mp4	41
See/See_aug_17.mp4	41
See/See_aug_18.mp4	41
See/See_aug_19.mp4	41
See/See_aug_2.mp4	41
See/See_aug_20.mp4	41
See/See_aug_21.mp4	41
See/See_aug_22.mp4	41
See/See_aug_23.mp4	41
See/See_aug_24.mp4	41
See/See_aug_25.mp4	41
See/See_aug_26.mp4	41
See/See_aug_27.mp4	41
See/See_aug_28.mp4	41
See/See_aug_29.mp4	41
See/See_aug_3.mp4	41
See/See_aug_30.mp4	41
See/See_aug_4.mp4	41
See/See_aug_5.mp4	41
See/See_aug_6.mp4	41
See/See_aug_7.mp4	41
See/See_aug_8.mp4	41
See/See_aug_9.mp4	41
See/see.mp4	41
Sick/Sick_1.mp4	42
Sick/Sick_10.mp4	42
Sick/Sick_11.mp4	42
Sick/Sick_13.mp4	42
Sick/Sick_14.mp4	42
Sick/Sick_2.mp4	42
Sick/Sick_3.mp4	42
Sick/Sick_4.mp4	42
Sick/Sick_7.mp4	42
Sick/Sick_8.mp4	42
Sick/Sick_9.mp4	42
Sick/Sick_aug_1.mp4	42
Sick/Sick_aug_10.mp4	42
Sick/Sick_aug_11.mp4	42
Sick/Sick_aug_12.mp4	42
Sick/Sick_aug_13.mp4	42
Sick/Sick_aug_14.mp4	42
Sick/Sick_aug_15.mp4	42
Sick/Sick_aug_16.mp4	42
Sick/Sick_aug_17.mp4	42
Sick/Sick_aug_18.mp4	42
Sick/Sick_aug_19.mp4	42
Sick/Sick_aug_2.mp4	42
Sick/Sick_aug_20.mp4	42
Sick/Sick_aug_21.mp4	42
Sick/Sick_aug_22.mp4	42
Sick/Sick_aug_23.mp4	42
Sick/Sick_aug_24.mp4	42
Sick/Sick_aug_25.mp4	42
Sick/Sick_aug_26.mp4	42
Sick/Sick_aug_27.mp4	42
Sick/Sick_aug_28.mp4	42
Sick/Sick_aug_29.mp4	42
Sick/Sick_aug_3.mp4	42
Sick/Sick_aug_30.mp4	42
Sick/Sick_aug_4.mp4	42
Sick/Sick_aug_5.mp4	42
Sick/Sick_aug_6.mp4	42
Sick/Sick_aug_7.mp4	42
Sick/Sick_aug_8.mp4	42
Sick/Sick_aug_9.mp4	42
Sick/sick.mp4	42
Sleep/Sleep_1.mp4	43
Sleep/Sleep_10.mp4	43
Sleep/Sleep_14.mp4	43
Sleep/Sleep_15.mp4	43
Sleep/Sleep_2.mp4	43
Sleep/Sleep_3.mp4	43
Sleep/Sleep_4.mp4	43
Sleep/Sleep_5.mp4	43
Sleep/Sleep_6.mp4	43
Sleep/Sleep_8.mp4	43
Sleep/Sleep_9.mp4	43
Sleep/Sleep_aug_1.mp4	43
Sleep/Sleep_aug_10.mp4	43
Sleep/Sleep_aug_11.mp4	43
Sleep/Sleep_aug_12.mp4	43
Sleep/Sleep_aug_13.mp4	43
Sleep/Sleep_aug_14.mp4	43
Sleep/Sleep_aug_15.mp4	43
Sleep/Sleep_aug_16.mp4	43
Sleep/Sleep_aug_17.mp4	43
Sleep/Sleep_aug_18.mp4	43
Sleep/Sleep_aug_19.mp4	43
Sleep/Sleep_aug_2.mp4	43
Sleep/Sleep_aug_20.mp4	43
Sleep/Sleep_aug_21.mp4	43
Sleep/Sleep_aug_22.mp4	43
Sleep/Sleep_aug_23.mp4	43
Sleep/Sleep_aug_24.mp4	43
Sleep/Sleep_aug_25.mp4	43
Sleep/Sleep_aug_26.mp4	43
Sleep/Sleep_aug_27.mp4	43
Sleep/Sleep_aug_28.mp4	43
Sleep/Sleep_aug_29.mp4	43
Sleep/Sleep_aug_3.mp4	43
Sleep/Sleep_aug_30.mp4	43
Sleep/Sleep_aug_4.mp4	43
Sleep/Sleep_aug_5.mp4	43
Sleep/Sleep_aug_6.mp4	43
Sleep/Sleep_aug_7.mp4	43
Sleep/Sleep_aug_8.mp4	43
Sleep/Sleep_aug_9.mp4	43
Sleep/sleep.mp4	43
son_or_daughter/Son_or_daughter_6.mp4	44
son_or_daughter/son_or_daughter_10.mp4	44
son_or_daughter/son_or_daughter_11.mp4	44
son_or_daughter/son_or_daughter_12.mp4	44
son_or_daughter/son_or_daughter_13.mp4	44
son_or_daughter/son_or_daughter_14.mp4	44
son_or_daughter/son_or_daughter_15.mp4	44
son_or_daughter/son_or_daughter_3.mp4	44
son_or_daughter/son_or_daughter_4.mp4	44
son_or_daughter/son_or_daughter_7.mp4	44
son_or_daughter/son_or_daughter_8.mp4	44
son_or_daughter/son_or_daughter_9.mp4	44
son_or_daughter/son_or_daughter_aug_1.mp4	44
son_or_daughter/son_or_daughter_aug_10.mp4	44
son_or_daughter/son_or_daughter_aug_11.mp4	44
son_or_daughter/son_or_daughter_aug_12.mp4	44
son_or_daughter/son_or_daughter_aug_13.mp4	44
son_or_daughter/son_or_daughter_aug_14.mp4	44
son_or_daughter/son_or_daughter_aug_15.mp4	44
son_or_daughter/son_or_daughter_aug_16.mp4	44
son_or_daughter/son_or_daughter_aug_17.mp4	44
son_or_daughter/son_or_daughter_aug_18.mp4	44
son_or_daughter/son_or_daughter_aug_19.mp4	44
son_or_daughter/son_or_daughter_aug_2.mp4	44
son_or_daughter/son_or_daughter_aug_20.mp4	44
son_or_daughter/son_or_daughter_aug_21.mp4	44
son_or_daughter/son_or_daughter_aug_22.mp4	44
son_or_daughter/son_or_daughter_aug_23.mp4	44
son_or_daughter/son_or_daughter_aug_24.mp4	44
son_or_daughter/son_or_daughter_aug_25.mp4	44
son_or_daughter/son_or_daughter_aug_26.mp4	44
son_or_daughter/son_or_daughter_aug_27.mp4	44
son_or_daughter/son_or_daughter_aug_28.mp4	44
son_or_daughter/son_or_daughter_aug_29.mp4	44
son_or_daughter/son_or_daughter_aug_3.mp4	44
son_or_daughter/son_or_daughter_aug_30.mp4	44
son_or_daughter/son_or_daughter_aug_4.mp4	44
son_or_daughter/son_or_daughter_aug_5.mp4	44
son_or_daughter/son_or_daughter_aug_6.mp4	44
son_or_daughter/son_or_daughter_aug_7.mp4	44
son_or_daughter/son_or_daughter_aug_8.mp4	44
son_or_daughter/son_or_daughter_aug_9.mp4	44
sorry/sorry.mp4	45
sorry/sorry_1.mp4	45
sorry/sorry_11.mp4	45
sorry/sorry_12.mp4	45
sorry/sorry_13.mp4	45
sorry/sorry_14.mp4	45
sorry/sorry_15.mp4	45
sorry/sorry_2.mp4	45
sorry/sorry_3.mp4	45
sorry/sorry_4.mp4	45
sorry/sorry_5.mp4	45
sorry/sorry_9.mp4	45
sorry/sorry_aug_1.mp4	45
sorry/sorry_aug_10.mp4	45
sorry/sorry_aug_11.mp4	45
sorry/sorry_aug_12.mp4	45
sorry/sorry_aug_13.mp4	45
sorry/sorry_aug_14.mp4	45
sorry/sorry_aug_15.mp4	45
sorry/sorry_aug_16.mp4	45
sorry/sorry_aug_17.mp4	45
sorry/sorry_aug_18.mp4	45
sorry/sorry_aug_19.mp4	45
sorry/sorry_aug_2.mp4	45
sorry/sorry_aug_20.mp4	45
sorry/sorry_aug_21.mp4	45
sorry/sorry_aug_22.mp4	45
sorry/sorry_aug_23.mp4	45
sorry/sorry_aug_24.mp4	45
sorry/sorry_aug_25.mp4	45
sorry/sorry_aug_26.mp4	45
sorry/sorry_aug_27.mp4	45
sorry/sorry_aug_28.mp4	45
sorry/sorry_aug_29.mp4	45
sorry/sorry_aug_3.mp4	45
sorry/sorry_aug_30.mp4	45
sorry/sorry_aug_4.mp4	45
sorry/sorry_aug_5.mp4	45
sorry/sorry_aug_6.mp4	45
sorry/sorry_aug_7.mp4	45
sorry/sorry_aug_8.mp4	45
sorry/sorry_aug_9.mp4	45
Speak/Speak_10.mp4	46
Speak/Speak_11.mp4	46
Speak/Speak_12.mp4	46
Speak/Speak_14.mp4	46
Speak/Speak_15.mp4	46
Speak/Speak_3.mp4	46
Speak/Speak_4.mp4	46
Speak/Speak_5.mp4	46
Speak/Speak_6.mp4	46
Speak/Speak_7.mp4	46
Speak/Speak_8.mp4	46
Speak/Speak_9.mp4	46
Speak/Speak_aug_1.mp4	46
Speak/Speak_aug_10.mp4	46
Speak/Speak_aug_11.mp4	46
Speak/Speak_aug_12.mp4	46
Speak/Speak_aug_13.mp4	46
Speak/Speak_aug_14.mp4	46
Speak/Speak_aug_15.mp4	46
Speak/Speak_aug_16.mp4	46
Speak/Speak_aug_17.mp4	46
Speak/Speak_aug_18.mp4	46
Speak/Speak_aug_19.mp4	46
Speak/Speak_aug_2.mp4	46
Speak/Speak_aug_20.mp4	46
Speak/Speak_aug_21.mp4	46
Speak/Speak_aug_22.mp4	46
Speak/Speak_aug_23.mp4	46
Speak/Speak_aug_24.mp4	46
Speak/Speak_aug_25.mp4	46
Speak/Speak_aug_26.mp4	46
Speak/Speak_aug_27.mp4	46
Speak/Speak_aug_28.mp4	46
Speak/Speak_aug_29.mp4	46
Speak/Speak_aug_3.mp4	46
Speak/Speak_aug_30.mp4	46
Speak/Speak_aug_4.mp4	46
Speak/Speak_aug_5.mp4	46
Speak/Speak_aug_6.mp4	46
Speak/Speak_aug_7.mp4	46
Speak/Speak_aug_8.mp4	46
Speak/Speak_aug_9.mp4	46
Spring/Spring_10.mp4	47
Spring/Spring_12.mp4	47
Spring/Spring_13.mp4	47
Spring/Spring_15.mp4	47
Spring/Spring_2.mp4	47
Spring/Spring_3.mp4	47
Spring/Spring_4.mp4	47
Spring/Spring_5.mp4	47
Spring/Spring_7.mp4	47
Spring/Spring_8.mp4	47
Spring/Spring_9.mp4	47
Spring/Spring_aug_1.mp4	47
Spring/Spring_aug_10.mp4	47
Spring/Spring_aug_11.mp4	47
Spring/Spring_aug_12.mp4	47
Spring/Spring_aug_13.mp4	47
Spring/Spring_aug_14.mp4	47
Spring/Spring_aug_15.mp4	47
Spring/Spring_aug_16.mp4	47
Spring/Spring_aug_17.mp4	47
Spring/Spring_aug_18.mp4	47
Spring/Spring_aug_19.mp4	47
Spring/Spring_aug_2.mp4	47
Spring/Spring_aug_20.mp4	47
Spring/Spring_aug_21.mp4	47
Spring/Spring_aug_22.mp4	47
Spring/Spring_aug_23.mp4	47
Spring/Spring_aug_24.mp4	47
Spring/Spring_aug_25.mp4	47
Spring/Spring_aug_26.mp4	47
Spring/Spring_aug_27.mp4	47
Spring/Spring_aug_28.mp4	47
Spring/Spring_aug_29.mp4	47
Spring/Spring_aug_3.mp4	47
Spring/Spring_aug_30.mp4	47
Spring/Spring_aug_4.mp4	47
Spring/Spring_aug_5.mp4	47
Spring/Spring_aug_6.mp4	47
Spring/Spring_aug_7.mp4	47
Spring/Spring_aug_8.mp4	47
Spring/Spring_aug_9.mp4	47
Spring/spring.mp4	47
Summer/Summer.mp4	48
Summer/Summer_1.mp4	48
Summer/Summer_10.mp4	48
Summer/Summer_12.mp4	48
Summer/Summer_13.mp4	48
Summer/Summer_14.mp4	48
Summer/Summer_15.mp4	48
Summer/Summer_4.mp4	48
Summer/Summer_5.mp4	48
Summer/Summer_7.mp4	48
Summer/Summer_8.mp4	48
Summer/Summer_9.mp4	48
Summer/Summer_aug_1.mp4	48
Summer/Summer_aug_10.mp4	48
Summer/Summer_aug_11.mp4	48
Summer/Summer_aug_12.mp4	48
Summer/Summer_aug_13.mp4	48
Summer/Summer_aug_14.mp4	48
Summer/Summer_aug_15.mp4	48
Summer/Summer_aug_16.mp4	48
Summer/Summer_aug_17.mp4	48
Summer/Summer_aug_18.mp4	48
Summer/Summer_aug_19.mp4	48
Summer/Summer_aug_2.mp4	48
Summer/Summer_aug_20.mp4	48
Summer/Summer_aug_21.mp4	48
Summer/Summer_aug_22.mp4	48
Summer/Summer_aug_23.mp4	48
Summer/Summer_aug_24.mp4	48
Summer/Summer_aug_25.mp4	48
Summer/Summer_aug_26.mp4	48
Summer/Summer_aug_27.mp4	48
Summer/Summer_aug_28.mp4	48
Summer/Summer_aug_29.mp4	48
Summer/Summer_aug_3.mp4	48
Summer/Summer_aug_30.mp4	48
Summer/Summer_aug_4.mp4	48
Summer/Summer_aug_5.mp4	48
Summer/Summer_aug_6.mp4	48
Summer/Summer_aug_7.mp4	48
Summer/Summer_aug_8.mp4	48
Summer/Summer_aug_9.mp4	48
Sunday/Sunday.mp4	49
Sunday/Sunday_1.mp4	49
Sunday/Sunday_10.mp4	49
Sunday/Sunday_12.mp4	49
Sunday/Sunday_13.mp4	49
Sunday/Sunday_14.mp4	49
Sunday/Sunday_15.mp4	49
Sunday/Sunday_3.mp4	49
Sunday/Sunday_4.mp4	49
Sunday/Sunday_5.mp4	49
Sunday/Sunday_8.mp4	49
Sunday/Sunday_9.mp4	49
Sunday/Sunday_aug_1.mp4	49
Sunday/Sunday_aug_10.mp4	49
Sunday/Sunday_aug_11.mp4	49
Sunday/Sunday_aug_12.mp4	49
Sunday/Sunday_aug_13.mp4	49
Sunday/Sunday_aug_14.mp4	49
Sunday/Sunday_aug_15.mp4	49
Sunday/Sunday_aug_16.mp4	49
Sunday/Sunday_aug_17.mp4	49
Sunday/Sunday_aug_18.mp4	49
Sunday/Sunday_aug_19.mp4	49
Sunday/Sunday_aug_2.mp4	49
Sunday/Sunday_aug_20.mp4	49
Sunday/Sunday_aug_21.mp4	49
Sunday/Sunday_aug_22.mp4	49
Sunday/Sunday_aug_23.mp4	49
Sunday/Sunday_aug_24.mp4	49
Sunday/Sunday_aug_25.mp4	49
Sunday/Sunday_aug_26.mp4	49
Sunday/Sunday_aug_27.mp4	49
Sunday/Sunday_aug_28.mp4	49
Sunday/Sunday_aug_29.mp4	49
Sunday/Sunday_aug_3.mp4	49
Sunday/Sunday_aug_30.mp4	49
Sunday/Sunday_aug_4.mp4	49
Sunday/Sunday_aug_5.mp4	49
Sunday/Sunday_aug_6.mp4	49
Sunday/Sunday_aug_7.mp4	49
Sunday/Sunday_aug_8.mp4	49
Sunday/Sunday_aug_9.mp4	49
Surprised/Surprised_1.mp4	50
Surprised/Surprised_11.mp4	50
Surprised/Surprised_13.mp4	50
Surprised/Surprised_14.mp4	50
Surprised/Surprised_15.mp4	50
Surprised/Surprised_3.mp4	50
Surprised/Surprised_5.mp4	50
Surprised/Surprised_6.mp4	50
Surprised/Surprised_7.mp4	50
Surprised/Surprised_8.mp4	50
Surprised/Surprised_9.mp4	50
Surprised/Surprised_aug_1.mp4	50
Surprised/Surprised_aug_10.mp4	50
Surprised/Surprised_aug_11.mp4	50
Surprised/Surprised_aug_12.mp4	50
Surprised/Surprised_aug_13.mp4	50
Surprised/Surprised_aug_14.mp4	50
Surprised/Surprised_aug_15.mp4	50
Surprised/Surprised_aug_16.mp4	50
Surprised/Surprised_aug_17.mp4	50
Surprised/Surprised_aug_18.mp4	50
Surprised/Surprised_aug_19.mp4	50
Surprised/Surprised_aug_2.mp4	50
Surprised/Surprised_aug_20.mp4	50
Surprised/Surprised_aug_21.mp4	50
Surprised/Surprised_aug_22.mp4	50
Surprised/Surprised_aug_23.mp4	50
Surprised/Surprised_aug_24.mp4	50
Surprised/Surprised_aug_25.mp4	50
Surprised/Surprised_aug_26.mp4	50
Surprised/Surprised_aug_27.mp4	50
Surprised/Surprised_aug_28.mp4	50
Surprised/Surprised_aug_29.mp4	50
Surprised/Surprised_aug_3.mp4	50
Surprised/Surprised_aug_30.mp4	50
Surprised/Surprised_aug_4.mp4	50
Surprised/Surprised_aug_5.mp4	50
Surprised/Surprised_aug_6.mp4	50
Surprised/Surprised_aug_7.mp4	50
Surprised/Surprised_aug_8.mp4	50
Surprised/Surprised_aug_9.mp4	50
Surprised/surprised.mp4	50
Tea/Tea_1.mp4	51
Tea/Tea_11.mp4	51
Tea/Tea_12.mp4	51
Tea/Tea_13.mp4	51
Tea/Tea_14.mp4	51
Tea/Tea_3.mp4	51
Tea/Tea_5.mp4	51
Tea/Tea_6.mp4	51
Tea/Tea_7.mp4	51
Tea/Tea_8.mp4	51
Tea/Tea_9.mp4	51
Tea/Tea_aug_1.mp4	51
Tea/Tea_aug_10.mp4	51
Tea/Tea_aug_11.mp4	51
Tea/Tea_aug_12.mp4	51
Tea/Tea_aug_13.mp4	51
Tea/Tea_aug_14.mp4	51
Tea/Tea_aug_15.mp4	51
Tea/Tea_aug_16.mp4	51
Tea/Tea_aug_17.mp4	51
Tea/Tea_aug_18.mp4	51
Tea/Tea_aug_19.mp4	51
Tea/Tea_aug_2.mp4	51
Tea/Tea_aug_20.mp4	51
Tea/Tea_aug_21.mp4	51
Tea/Tea_aug_22.mp4	51
Tea/Tea_aug_23.mp4	51
Tea/Tea_aug_24.mp4	51
Tea/Tea_aug_25.mp4	51
Tea/Tea_aug_26.mp4	51
Tea/Tea_aug_27.mp4	51
Tea/Tea_aug_28.mp4	51
Tea/Tea_aug_29.mp4	51
Tea/Tea_aug_3.mp4	51
Tea/Tea_aug_30.mp4	51
Tea/Tea_aug_4.mp4	51
Tea/Tea_aug_5.mp4	51
Tea/Tea_aug_6.mp4	51
Tea/Tea_aug_7.mp4	51
Tea/Tea_aug_8.mp4	51
Tea/Tea_aug_9.mp4	51
Tea/tea.mp4	51
teacher/Teacher_5.mp4	52
teacher/teacher_1.mp4	52
teacher/teacher_10.mp4	52
teacher/teacher_11.mp4	52
teacher/teacher_12.mp4	52
teacher/teacher_13.mp4	52
teacher/teacher_14.mp4	52
teacher/teacher_3.mp4	52
teacher/teacher_4.mp4	52
teacher/teacher_6.mp4	52
teacher/teacher_8.mp4	52
teacher/teacher_9.mp4	52
teacher/teacher_aug_1.mp4	52
teacher/teacher_aug_10.mp4	52
teacher/teacher_aug_11.mp4	52
teacher/teacher_aug_12.mp4	52
teacher/teacher_aug_13.mp4	52
teacher/teacher_aug_14.mp4	52
teacher/teacher_aug_15.mp4	52
teacher/teacher_aug_16.mp4	52
teacher/teacher_aug_17.mp4	52
teacher/teacher_aug_18.mp4	52
teacher/teacher_aug_19.mp4	52
teacher/teacher_aug_2.mp4	52
teacher/teacher_aug_20.mp4	52
teacher/teacher_aug_21.mp4	52
teacher/teacher_aug_22.mp4	52
teacher/teacher_aug_23.mp4	52
teacher/teacher_aug_24.mp4	52
teacher/teacher_aug_25.mp4	52
teacher/teacher_aug_26.mp4	52
teacher/teacher_aug_27.mp4	52
teacher/teacher_aug_28.mp4	52
teacher/teacher_aug_29.mp4	52
teacher/teacher_aug_3.mp4	52
teacher/teacher_aug_30.mp4	52
teacher/teacher_aug_4.mp4	52
teacher/teacher_aug_5.mp4	52
teacher/teacher_aug_6.mp4	52
teacher/teacher_aug_7.mp4	52
teacher/teacher_aug_8.mp4	52
teacher/teacher_aug_9.mp4	52
thank_you/Thank_you_6.mp4	53
thank_you/thank_you.mp4	53
thank_you/thank_you_10.mp4	53
thank_you/thank_you_11.mp4	53
thank_you/thank_you_13.mp4	53
thank_you/thank_you_14.mp4	53
thank_you/thank_you_15.mp4	53
thank_you/thank_you_2.mp4	53
thank_you/thank_you_3.mp4	53
thank_you/thank_you_4.mp4	53
thank_you/thank_you_7.mp4	53
thank_you/thank_you_8.mp4	53
thank_you/thank_you_aug_1.mp4	53
thank_you/thank_you_aug_10.mp4	53
thank_you/thank_you_aug_11.mp4	53
thank_you/thank_you_aug_12.mp4	53
thank_you/thank_you_aug_13.mp4	53
thank_you/thank_you_aug_14.mp4	53
thank_you/thank_you_aug_15.mp4	53
thank_you/thank_you_aug_16.mp4	53
thank_you/thank_you_aug_17.mp4	53
thank_you/thank_you_aug_18.mp4	53
thank_you/thank_you_aug_19.mp4	53
thank_you/thank_you_aug_2.mp4	53
thank_you/thank_you_aug_20.mp4	53
thank_you/thank_you_aug_21.mp4	53
thank_you/thank_you_aug_22.mp4	53
thank_you/thank_you_aug_23.mp4	53
thank_you/thank_you_aug_24.mp4	53
thank_you/thank_you_aug_25.mp4	53
thank_you/thank_you_aug_26.mp4	53
thank_you/thank_you_aug_27.mp4	53
thank_you/thank_you_aug_28.mp4	53
thank_you/thank_you_aug_29.mp4	53
thank_you/thank_you_aug_3.mp4	53
thank_you/thank_you_aug_30.mp4	53
thank_you/thank_you_aug_4.mp4	53
thank_you/thank_you_aug_5.mp4	53
thank_you/thank_you_aug_6.mp4	53
thank_you/thank_you_aug_7.mp4	53
thank_you/thank_you_aug_8.mp4	53
thank_you/thank_you_aug_9.mp4	53
Three/Three_1.mp4	54
Three/Three_10.mp4	54
Three/Three_13.mp4	54
Three/Three_14.mp4	54
Three/Three_15.mp4	54
Three/Three_2.mp4	54
Three/Three_4.mp4	54
Three/Three_6.mp4	54
Three/Three_7.mp4	54
Three/Three_8.mp4	54
Three/Three_9.mp4	54
Three/Three_aug_1.mp4	54
Three/Three_aug_10.mp4	54
Three/Three_aug_11.mp4	54
Three/Three_aug_12.mp4	54
Three/Three_aug_13.mp4	54
Three/Three_aug_14.mp4	54
Three/Three_aug_15.mp4	54
Three/Three_aug_16.mp4	54
Three/Three_aug_17.mp4	54
Three/Three_aug_18.mp4	54
Three/Three_aug_19.mp4	54
Three/Three_aug_2.mp4	54
Three/Three_aug_20.mp4	54
Three/Three_aug_21.mp4	54
Three/Three_aug_22.mp4	54
Three/Three_aug_23.mp4	54
Three/Three_aug_24.mp4	54
Three/Three_aug_25.mp4	54
Three/Three_aug_26.mp4	54
Three/Three_aug_27.mp4	54
Three/Three_aug_28.mp4	54
Three/Three_aug_29.mp4	54
Three/Three_aug_3.mp4	54
Three/Three_aug_30.mp4	54
Three/Three_aug_4.mp4	54
Three/Three_aug_5.mp4	54
Three/Three_aug_6.mp4	54
Three/Three_aug_7.mp4	54
Three/Three_aug_8.mp4	54
Three/Three_aug_9.mp4	54
Three/three.mp4	54
Thursday/Thursday_10.mp4	55
Thursday/Thursday_12.mp4	55
Thursday/Thursday_14.mp4	55
Thursday/Thursday_15.mp4	55
Thursday/Thursday_2.mp4	55
Thursday/Thursday_3.mp4	55
Thursday/Thursday_4.mp4	55
Thursday/Thursday_5.mp4	55
Thursday/Thursday_6.mp4	55
Thursday/Thursday_7.mp4	55
Thursday/Thursday_8.mp4	55
Thursday/Thursday_9.mp4	55
Thursday/Thursday_aug_1.mp4	55
Thursday/Thursday_aug_10.mp4	55
Thursday/Thursday_aug_11.mp4	55
Thursday/Thursday_aug_12.mp4	55
Thursday/Thursday_aug_13.mp4	55
Thursday/Thursday_aug_14.mp4	55
Thursday/Thursday_aug_15.mp4	55
Thursday/Thursday_aug_16.mp4	55
Thursday/Thursday_aug_17.mp4	55
Thursday/Thursday_aug_18.mp4	55
Thursday/Thursday_aug_19.mp4	55
Thursday/Thursday_aug_2.mp4	55
Thursday/Thursday_aug_20.mp4	55
Thursday/Thursday_aug_21.mp4	55
Thursday/Thursday_aug_22.mp4	55
Thursday/Thursday_aug_23.mp4	55
Thursday/Thursday_aug_24.mp4	55
Thursday/Thursday_aug_25.mp4	55
Thursday/Thursday_aug_26.mp4	55
Thursday/Thursday_aug_27.mp4	55
Thursday/Thursday_aug_28.mp4	55
Thursday/Thursday_aug_29.mp4	55
Thursday/Thursday_aug_3.mp4	55
Thursday/Thursday_aug_30.mp4	55
Thursday/Thursday_aug_4.mp4	55
Thursday/Thursday_aug_5.mp4	55
Thursday/Thursday_aug_6.mp4	55
Thursday/Thursday_aug_7.mp4	55
Thursday/Thursday_aug_8.mp4	55
Thursday/Thursday_aug_9.mp4	55
Tuesday/Tuesday_1.mp4	56
Tuesday/Tuesday_11.mp4	56
Tuesday/Tuesday_12.mp4	56
Tuesday/Tuesday_13.mp4	56
Tuesday/Tuesday_14.mp4	56
Tuesday/Tuesday_15.mp4	56
Tuesday/Tuesday_3.mp4	56
Tuesday/Tuesday_4.mp4	56
Tuesday/Tuesday_6.mp4	56
Tuesday/Tuesday_8.mp4	56
Tuesday/Tuesday_9.mp4	56
Tuesday/Tuesday_aug_1.mp4	56
Tuesday/Tuesday_aug_10.mp4	56
Tuesday/Tuesday_aug_11.mp4	56
Tuesday/Tuesday_aug_12.mp4	56
Tuesday/Tuesday_aug_13.mp4	56
Tuesday/Tuesday_aug_14.mp4	56
Tuesday/Tuesday_aug_15.mp4	56
Tuesday/Tuesday_aug_16.mp4	56
Tuesday/Tuesday_aug_17.mp4	56
Tuesday/Tuesday_aug_18.mp4	56
Tuesday/Tuesday_aug_19.mp4	56
Tuesday/Tuesday_aug_2.mp4	56
Tuesday/Tuesday_aug_20.mp4	56
Tuesday/Tuesday_aug_21.mp4	56
Tuesday/Tuesday_aug_22.mp4	56
Tuesday/Tuesday_aug_23.mp4	56
Tuesday/Tuesday_aug_24.mp4	56
Tuesday/Tuesday_aug_25.mp4	56
Tuesday/Tuesday_aug_26.mp4	56
Tuesday/Tuesday_aug_27.mp4	56
Tuesday/Tuesday_aug_28.mp4	56
Tuesday/Tuesday_aug_29.mp4	56
Tuesday/Tuesday_aug_3.mp4	56
Tuesday/Tuesday_aug_30.mp4	56
Tuesday/Tuesday_aug_4.mp4	56
Tuesday/Tuesday_aug_5.mp4	56
Tuesday/Tuesday_aug_6.mp4	56
Tuesday/Tuesday_aug_7.mp4	56
Tuesday/Tuesday_aug_8.mp4	56
Tuesday/Tuesday_aug_9.mp4	56
Tuesday/tuesday.mp4	56
TV/TV_1.mp4	57
TV/TV_11.mp4	57
TV/TV_12.mp4	57
TV/TV_13.mp4	57
TV/TV_14.mp4	57
TV/TV_15.mp4	57
TV/TV_3.mp4	57
TV/TV_7.mp4	57
TV/TV_8.mp4	57
TV/TV_9.mp4	57
TV/TV_aug_1.mp4	57
TV/TV_aug_10.mp4	57
TV/TV_aug_11.mp4	57
TV/TV_aug_12.mp4	57
TV/TV_aug_13.mp4	57
TV/TV_aug_14.mp4	57
TV/TV_aug_15.mp4	57
TV/TV_aug_16.mp4	57
TV/TV_aug_17.mp4	57
TV/TV_aug_18.mp4	57
TV/TV_aug_19.mp4	57
TV/TV_aug_2.mp4	57
TV/TV_aug_20.mp4	57
TV/TV_aug_21.mp4	57
TV/TV_aug_22.mp4	57
TV/TV_aug_23.mp4	57
TV/TV_aug_24.mp4	57
TV/TV_aug_25.mp4	57
TV/TV_aug_26.mp4	57
TV/TV_aug_27.mp4	57
TV/TV_aug_28.mp4	57
TV/TV_aug_29.mp4	57
TV/TV_aug_3.mp4	57
TV/TV_aug_30.mp4	57
TV/TV_aug_4.mp4	57
TV/TV_aug_5.mp4	57
TV/TV_aug_6.mp4	57
TV/TV_aug_7.mp4	57
TV/TV_aug_8.mp4	57
TV/TV_aug_9.mp4	57
TV/Tv_6.mp4	57
TV/tv.mp4	57
Two/Two_1.mp4	58
Two/Two_11.mp4	58
Two/Two_12.mp4	58
Two/Two_13.mp4	58
Two/Two_14.mp4	58
Two/Two_3.mp4	58
Two/Two_4.mp4	58
Two/Two_5.mp4	58
Two/Two_6.mp4	58
Two/Two_7.mp4	58
Two/Two_9.mp4	58
Two/Two_aug_1.mp4	58
Two/Two_aug_10.mp4	58
Two/Two_aug_11.mp4	58
Two/Two_aug_12.mp4	58
Two/Two_aug_13.mp4	58
Two/Two_aug_14.mp4	58
Two/Two_aug_15.mp4	58
Two/Two_aug_16.mp4	58
Two/Two_aug_17.mp4	58
Two/Two_aug_18.mp4	58
Two/Two_aug_19.mp4	58
Two/Two_aug_2.mp4	58
Two/Two_aug_20.mp4	58
Two/Two_aug_21.mp4	58
Two/Two_aug_22.mp4	58
Two/Two_aug_23.mp4	58
Two/Two_aug_24.mp4	58
Two/Two_aug_25.mp4	58
Two/Two_aug_26.mp4	58
Two/Two_aug_27.mp4	58
Two/Two_aug_28.mp4	58
Two/Two_aug_29.mp4	58
Two/Two_aug_3.mp4	58
Two/Two_aug_30.mp4	58
Two/Two_aug_4.mp4	58
Two/Two_aug_5.mp4	58
Two/Two_aug_6.mp4	58
Two/Two_aug_7.mp4	58
Two/Two_aug_8.mp4	58
Two/Two_aug_9.mp4	58
Two/two.mp4	58
Up/Up_1.mp4	59
Up/Up_10.mp4	59
Up/Up_11.mp4	59
Up/Up_12.mp4	59
Up/Up_13.mp4	59
Up/Up_15.mp4	59
Up/Up_2.mp4	59
Up/Up_3.mp4	59
Up/Up_4.mp4	59
Up/Up_5.mp4	59
Up/Up_8.mp4	59
Up/Up_aug_1.mp4	59
Up/Up_aug_10.mp4	59
Up/Up_aug_11.mp4	59
Up/Up_aug_12.mp4	59
Up/Up_aug_13.mp4	59
Up/Up_aug_14.mp4	59
Up/Up_aug_15.mp4	59
Up/Up_aug_16.mp4	59
Up/Up_aug_17.mp4	59
Up/Up_aug_18.mp4	59
Up/Up_aug_19.mp4	59
Up/Up_aug_2.mp4	59
Up/Up_aug_20.mp4	59
Up/Up_aug_21.mp4	59
Up/Up_aug_22.mp4	59
Up/Up_aug_23.mp4	59
Up/Up_aug_24.mp4	59
Up/Up_aug_25.mp4	59
Up/Up_aug_26.mp4	59
Up/Up_aug_27.mp4	59
Up/Up_aug_28.mp4	59
Up/Up_aug_29.mp4	59
Up/Up_aug_3.mp4	59
Up/Up_aug_30.mp4	59
Up/Up_aug_4.mp4	59
Up/Up_aug_5.mp4	59
Up/Up_aug_6.mp4	59
Up/Up_aug_7.mp4	59
Up/Up_aug_8.mp4	59
Up/Up_aug_9.mp4	59
Up/up.mp4	59
Water/Water_1.mp4	60
Water/Water_10.mp4	60
Water/Water_11.mp4	60
Water/Water_12.mp4	60
Water/Water_13.mp4	60
Water/Water_15.mp4	60
Water/Water_2.mp4	60
Water/Water_3.mp4	60
Water/Water_6.mp4	60
Water/Water_7.mp4	60
Water/Water_9.mp4	60
Water/Water_aug_1.mp4	60
Water/Water_aug_10.mp4	60
Water/Water_aug_11.mp4	60
Water/Water_aug_12.mp4	60
Water/Water_aug_13.mp4	60
Water/Water_aug_14.mp4	60
Water/Water_aug_15.mp4	60
Water/Water_aug_16.mp4	60
Water/Water_aug_17.mp4	60
Water/Water_aug_18.mp4	60
Water/Water_aug_19.mp4	60
Water/Water_aug_2.mp4	60
Water/Water_aug_20.mp4	60
Water/Water_aug_21.mp4	60
Water/Water_aug_22.mp4	60
Water/Water_aug_23.mp4	60
Water/Water_aug_24.mp4	60
Water/Water_aug_25.mp4	60
Water/Water_aug_26.mp4	60
Water/Water_aug_27.mp4	60
Water/Water_aug_28.mp4	60
Water/Water_aug_29.mp4	60
Water/Water_aug_3.mp4	60
Water/Water_aug_30.mp4	60
Water/Water_aug_4.mp4	60
Water/Water_aug_5.mp4	60
Water/Water_aug_6.mp4	60
Water/Water_aug_7.mp4	60
Water/Water_aug_8.mp4	60
Water/Water_aug_9.mp4	60
Water/water.mp4	60
We/We_10.mp4	61
We/We_12.mp4	61
We/We_13.mp4	61
We/We_15.mp4	61
We/We_2.mp4	61
We/We_3.mp4	61
We/We_4.mp4	61
We/We_5.mp4	61
We/We_7.mp4	61
We/We_8.mp4	61
We/We_9.mp4	61
We/We_aug_1.mp4	61
We/We_aug_10.mp4	61
We/We_aug_11.mp4	61
We/We_aug_12.mp4	61
We/We_aug_13.mp4	61
We/We_aug_14.mp4	61
We/We_aug_15.mp4	61
We/We_aug_16.mp4	61
We/We_aug_17.mp4	61
We/We_aug_18.mp4	61
We/We_aug_19.mp4	61
We/We_aug_2.mp4	61
We/We_aug_20.mp4	61
We/We_aug_21.mp4	61
We/We_aug_22.mp4	61
We/We_aug_23.mp4	61
We/We_aug_24.mp4	61
We/We_aug_25.mp4	61
We/We_aug_26.mp4	61
We/We_aug_27.mp4	61
We/We_aug_28.mp4	61
We/We_aug_29.mp4	61
We/We_aug_3.mp4	61
We/We_aug_30.mp4	61
We/We_aug_4.mp4	61
We/We_aug_5.mp4	61
We/We_aug_6.mp4	61
We/We_aug_7.mp4	61
We/We_aug_8.mp4	61
We/We_aug_9.mp4	61
We/we.mp4	61
Wednesday/Wednesday.mp4	62
Wednesday/Wednesday_1.mp4	62
Wednesday/Wednesday_10.mp4	62
Wednesday/Wednesday_11.mp4	62
Wednesday/Wednesday_12.mp4	62
Wednesday/Wednesday_14.mp4	62
Wednesday/Wednesday_15.mp4	62
Wednesday/Wednesday_2.mp4	62
Wednesday/Wednesday_5.mp4	62
Wednesday/Wednesday_7.mp4	62
Wednesday/Wednesday_8.mp4	62
Wednesday/Wednesday_9.mp4	62
Wednesday/Wednesday_aug_1.mp4	62
Wednesday/Wednesday_aug_10.mp4	62
Wednesday/Wednesday_aug_11.mp4	62
Wednesday/Wednesday_aug_12.mp4	62
Wednesday/Wednesday_aug_13.mp4	62
Wednesday/Wednesday_aug_14.mp4	62
Wednesday/Wednesday_aug_15.mp4	62
Wednesday/Wednesday_aug_16.mp4	62
Wednesday/Wednesday_aug_17.mp4	62
Wednesday/Wednesday_aug_18.mp4	62
Wednesday/Wednesday_aug_19.mp4	62
Wednesday/Wednesday_aug_2.mp4	62
Wednesday/Wednesday_aug_20.mp4	62
Wednesday/Wednesday_aug_21.mp4	62
Wednesday/Wednesday_aug_22.mp4	62
Wednesday/Wednesday_aug_23.mp4	62
Wednesday/Wednesday_aug_24.mp4	62
Wednesday/Wednesday_aug_25.mp4	62
Wednesday/Wednesday_aug_26.mp4	62
Wednesday/Wednesday_aug_27.mp4	62
Wednesday/Wednesday_aug_28.mp4	62
Wednesday/Wednesday_aug_29.mp4	62
Wednesday/Wednesday_aug_3.mp4	62
Wednesday/Wednesday_aug_30.mp4	62
Wednesday/Wednesday_aug_4.mp4	62
Wednesday/Wednesday_aug_5.mp4	62
Wednesday/Wednesday_aug_6.mp4	62
Wednesday/Wednesday_aug_7.mp4	62
Wednesday/Wednesday_aug_8.mp4	62
Wednesday/Wednesday_aug_9.mp4	62
welcome/Welcome_5.mp4	63
welcome/welcome_10.mp4	63
welcome/welcome_11.mp4	63
welcome/welcome_12.mp4	63
welcome/welcome_13.mp4	63
welcome/welcome_14.mp4	63
welcome/welcome_15.mp4	63
welcome/welcome_2.mp4	63
welcome/welcome_3.mp4	63
welcome/welcome_7.mp4	63
welcome/welcome_8.mp4	63
welcome/welcome_9.mp4	63
welcome/welcome_aug_1.mp4	63
welcome/welcome_aug_10.mp4	63
welcome/welcome_aug_11.mp4	63
welcome/welcome_aug_12.mp4	63
welcome/welcome_aug_13.mp4	63
welcome/welcome_aug_14.mp4	63
welcome/welcome_aug_15.mp4	63
welcome/welcome_aug_16.mp4	63
welcome/welcome_aug_17.mp4	63
welcome/welcome_aug_18.mp4	63
welcome/welcome_aug_19.mp4	63
welcome/welcome_aug_2.mp4	63
welcome/welcome_aug_20.mp4	63
welcome/welcome_aug_21.mp4	63
welcome/welcome_aug_22.mp4	63
welcome/welcome_aug_23.mp4	63
welcome/welcome_aug_24.mp4	63
welcome/welcome_aug_25.mp4	63
welcome/welcome_aug_26.mp4	63
welcome/welcome_aug_27.mp4	63
welcome/welcome_aug_28.mp4	63
welcome/welcome_aug_29.mp4	63
welcome/welcome_aug_3.mp4	63
welcome/welcome_aug_30.mp4	63
welcome/welcome_aug_4.mp4	63
welcome/welcome_aug_5.mp4	63
welcome/welcome_aug_6.mp4	63
welcome/welcome_aug_7.mp4	63
welcome/welcome_aug_8.mp4	63
welcome/welcome_aug_9.mp4	63
What/What_1.mp4	64
What/What_11.mp4	64
What/What_12.mp4	64
What/What_14.mp4	64
What/What_15.mp4	64
What/What_2.mp4	64
What/What_3.mp4	64
What/What_4.mp4	64
What/What_5.mp4	64
What/What_7.mp4	64
What/What_9.mp4	64
What/What_aug_1.mp4	64
What/What_aug_10.mp4	64
What/What_aug_11.mp4	64
What/What_aug_12.mp4	64
What/What_aug_13.mp4	64
What/What_aug_14.mp4	64
What/What_aug_15.mp4	64
What/What_aug_16.mp4	64
What/What_aug_17.mp4	64
What/What_aug_18.mp4	64
What/What_aug_19.mp4	64
What/What_aug_2.mp4	64
What/What_aug_20.mp4	64
What/What_aug_21.mp4	64
What/What_aug_22.mp4	64
What/What_aug_23.mp4	64
What/What_aug_24.mp4	64
What/What_aug_25.mp4	64
What/What_aug_26.mp4	64
What/What_aug_27.mp4	64
What/What_aug_28.mp4	64
What/What_aug_29.mp4	64
What/What_aug_3.mp4	64
What/What_aug_30.mp4	64
What/What_aug_4.mp4	64
What/What_aug_5.mp4	64
What/What_aug_6.mp4	64
What/What_aug_7.mp4	64
What/What_aug_8.mp4	64
What/What_aug_9.mp4	64
What/what.mp4	64
When/When_1.mp4	65
When/When_10.mp4	65
When/When_12.mp4	65
When/When_13.mp4	65
When/When_14.mp4	65
When/When_15.mp4	65
When/When_2.mp4	65
When/When_6.mp4	65
When/When_7.mp4	65
When/When_8.mp4	65
When/When_9.mp4	65
When/When_aug_1.mp4	65
When/When_aug_10.mp4	65
When/When_aug_11.mp4	65
When/When_aug_12.mp4	65
When/When_aug_13.mp4	65
When/When_aug_14.mp4	65
When/When_aug_15.mp4	65
When/When_aug_16.mp4	65
When/When_aug_17.mp4	65
When/When_aug_18.mp4	65
When/When_aug_19.mp4	65
When/When_aug_2.mp4	65
When/When_aug_20.mp4	65
When/When_aug_21.mp4	65
When/When_aug_22.mp4	65
When/When_aug_23.mp4	65
When/When_aug_24.mp4	65
When/When_aug_25.mp4	65
When/When_aug_26.mp4	65
When/When_aug_27.mp4	65
When/When_aug_28.mp4	65
When/When_aug_29.mp4	65
When/When_aug_3.mp4	65
When/When_aug_30.mp4	65
When/When_aug_4.mp4	65
When/When_aug_5.mp4	65
When/When_aug_6.mp4	65
When/When_aug_7.mp4	65
When/When_aug_8.mp4	65
When/When_aug_9.mp4	65
When/when.mp4	65
Where/Where_1.mp4	66
Where/Where_10.mp4	66
Where/Where_12.mp4	66
Where/Where_13.mp4	66
Where/Where_14.mp4	66
Where/Where_2.mp4	66
Where/Where_3.mp4	66
Where/Where_4.mp4	66
Where/Where_5.mp4	66
Where/Where_7.mp4	66
Where/Where_8.mp4	66
Where/Where_9.mp4	66
Where/Where_aug_1.mp4	66
Where/Where_aug_10.mp4	66
Where/Where_aug_11.mp4	66
Where/Where_aug_12.mp4	66
Where/Where_aug_13.mp4	66
Where/Where_aug_14.mp4	66
Where/Where_aug_15.mp4	66
Where/Where_aug_16.mp4	66
Where/Where_aug_17.mp4	66
Where/Where_aug_18.mp4	66
Where/Where_aug_19.mp4	66
Where/Where_aug_2.mp4	66
Where/Where_aug_20.mp4	66
Where/Where_aug_21.mp4	66
Where/Where_aug_22.mp4	66
Where/Where_aug_23.mp4	66
Where/Where_aug_24.mp4	66
Where/Where_aug_25.mp4	66
Where/Where_aug_26.mp4	66
Where/Where_aug_27.mp4	66
Where/Where_aug_28.mp4	66
Where/Where_aug_29.mp4	66
Where/Where_aug_3.mp4	66
Where/Where_aug_30.mp4	66
Where/Where_aug_4.mp4	66
Where/Where_aug_5.mp4	66
Where/Where_aug_6.mp4	66
Where/Where_aug_7.mp4	66
Where/Where_aug_8.mp4	66
Where/Where_aug_9.mp4	66
Who/Who_1.mp4	67
Who/Who_10.mp4	67
Who/Who_11.mp4	67
Who/Who_12.mp4	67
Who/Who_15.mp4	67
Who/Who_2.mp4	67
Who/Who_3.mp4	67
Who/Who_5.mp4	67
Who/Who_6.mp4	67
Who/Who_7.mp4	67
Who/Who_8.mp4	67
Who/Who_9.mp4	67
Who/Who_aug_1.mp4	67
Who/Who_aug_10.mp4	67
Who/Who_aug_11.mp4	67
Who/Who_aug_12.mp4	67
Who/Who_aug_13.mp4	67
Who/Who_aug_14.mp4	67
Who/Who_aug_15.mp4	67
Who/Who_aug_16.mp4	67
Who/Who_aug_17.mp4	67
Who/Who_aug_18.mp4	67
Who/Who_aug_19.mp4	67
Who/Who_aug_2.mp4	67
Who/Who_aug_20.mp4	67
Who/Who_aug_21.mp4	67
Who/Who_aug_22.mp4	67
Who/Who_aug_23.mp4	67
Who/Who_aug_24.mp4	67
Who/Who_aug_25.mp4	67
Who/Who_aug_26.mp4	67
Who/Who_aug_27.mp4	67
Who/Who_aug_28.mp4	67
Who/Who_aug_29.mp4	67
Who/Who_aug_3.mp4	67
Who/Who_aug_30.mp4	67
Who/Who_aug_4.mp4	67
Who/Who_aug_5.mp4	67
Who/Who_aug_6.mp4	67
Who/Who_aug_7.mp4	67
Who/Who_aug_8.mp4	67
Who/Who_aug_9.mp4	67
Why/Why_10.mp4	68
Why/Why_11.mp4	68
Why/Why_12.mp4	68
Why/Why_13.mp4	68
Why/Why_14.mp4	68
Why/Why_2.mp4	68
Why/Why_3.mp4	68
Why/Why_4.mp4	68
Why/Why_7.mp4	68
Why/Why_8.mp4	68
Why/Why_9.mp4	68
Why/Why_aug_1.mp4	68
Why/Why_aug_10.mp4	68
Why/Why_aug_11.mp4	68
Why/Why_aug_12.mp4	68
Why/Why_aug_13.mp4	68
Why/Why_aug_14.mp4	68
Why/Why_aug_15.mp4	68
Why/Why_aug_16.mp4	68
Why/Why_aug_17.mp4	68
Why/Why_aug_18.mp4	68
Why/Why_aug_19.mp4	68
Why/Why_aug_2.mp4	68
Why/Why_aug_20.mp4	68
Why/Why_aug_21.mp4	68
Why/Why_aug_22.mp4	68
Why/Why_aug_23.mp4	68
Why/Why_aug_24.mp4	68
Why/Why_aug_25.mp4	68
Why/Why_aug_26.mp4	68
Why/Why_aug_27.mp4	68
Why/Why_aug_28.mp4	68
Why/Why_aug_29.mp4	68
Why/Why_aug_3.mp4	68
Why/Why_aug_30.mp4	68
Why/Why_aug_4.mp4	68
Why/Why_aug_5.mp4	68
Why/Why_aug_6.mp4	68
Why/Why_aug_7.mp4	68
Why/Why_aug_8.mp4	68
Why/Why_aug_9.mp4	68
Why/why.mp4	68
Winter/Winter_1.mp4	69
Winter/Winter_11.mp4	69
Winter/Winter_12.mp4	69
Winter/Winter_13.mp4	69
Winter/Winter_14.mp4	69
Winter/Winter_15.mp4	69
Winter/Winter_2.mp4	69
Winter/Winter_3.mp4	69
Winter/Winter_4.mp4	69
Winter/Winter_7.mp4	69
Winter/Winter_8.mp4	69
Winter/Winter_9.mp4	69
Winter/Winter_aug_1.mp4	69
Winter/Winter_aug_10.mp4	69
Winter/Winter_aug_11.mp4	69
Winter/Winter_aug_12.mp4	69
Winter/Winter_aug_13.mp4	69
Winter/Winter_aug_14.mp4	69
Winter/Winter_aug_15.mp4	69
Winter/Winter_aug_16.mp4	69
Winter/Winter_aug_17.mp4	69
Winter/Winter_aug_18.mp4	69
Winter/Winter_aug_19.mp4	69
Winter/Winter_aug_2.mp4	69
Winter/Winter_aug_20.mp4	69
Winter/Winter_aug_21.mp4	69
Winter/Winter_aug_22.mp4	69
Winter/Winter_aug_23.mp4	69
Winter/Winter_aug_24.mp4	69
Winter/Winter_aug_25.mp4	69
Winter/Winter_aug_26.mp4	69
Winter/Winter_aug_27.mp4	69
Winter/Winter_aug_28.mp4	69
Winter/Winter_aug_29.mp4	69
Winter/Winter_aug_3.mp4	69
Winter/Winter_aug_30.mp4	69
Winter/Winter_aug_4.mp4	69
Winter/Winter_aug_5.mp4	69
Winter/Winter_aug_6.mp4	69
Winter/Winter_aug_7.mp4	69
Winter/Winter_aug_8.mp4	69
Winter/Winter_aug_9.mp4	69
Write/Write_1.mp4	70
Write/Write_10.mp4	70
Write/Write_11.mp4	70
Write/Write_15.mp4	70
Write/Write_2.mp4	70
Write/Write_3.mp4	70
Write/Write_4.mp4	70
Write/Write_5.mp4	70
Write/Write_6.mp4	70
Write/Write_8.mp4	70
Write/Write_9.mp4	70
Write/Write_aug_1.mp4	70
Write/Write_aug_10.mp4	70
Write/Write_aug_11.mp4	70
Write/Write_aug_12.mp4	70
Write/Write_aug_13.mp4	70
Write/Write_aug_14.mp4	70
Write/Write_aug_15.mp4	70
Write/Write_aug_16.mp4	70
Write/Write_aug_17.mp4	70
Write/Write_aug_18.mp4	70
Write/Write_aug_19.mp4	70
Write/Write_aug_2.mp4	70
Write/Write_aug_20.mp4	70
Write/Write_aug_21.mp4	70
Write/Write_aug_22.mp4	70
Write/Write_aug_23.mp4	70
Write/Write_aug_24.mp4	70
Write/Write_aug_25.mp4	70
Write/Write_aug_26.mp4	70
Write/Write_aug_27.mp4	70
Write/Write_aug_28.mp4	70
Write/Write_aug_29.mp4	70
Write/Write_aug_3.mp4	70
Write/Write_aug_30.mp4	70
Write/Write_aug_4.mp4	70
Write/Write_aug_5.mp4	70
Write/Write_aug_6.mp4	70
Write/Write_aug_7.mp4	70
Write/Write_aug_8.mp4	70
Write/Write_aug_9.mp4	70
Write/write.mp4	70
You/You_11.mp4	71
You/You_12.mp4	71
You/You_13.mp4	71
You/You_14.mp4	71
You/You_15.mp4	71
You/You_2.mp4	71
You/You_3.mp4	71
You/You_4.mp4	71
You/You_5.mp4	71
You/You_6.mp4	71
You/You_7.mp4	71
You/You_9.mp4	71
You/You_aug_1.mp4	71
You/You_aug_10.mp4	71
You/You_aug_11.mp4	71
You/You_aug_12.mp4	71
You/You_aug_13.mp4	71
You/You_aug_14.mp4	71
You/You_aug_15.mp4	71
You/You_aug_16.mp4	71
You/You_aug_17.mp4	71
You/You_aug_18.mp4	71
You/You_aug_19.mp4	71
You/You_aug_2.mp4	71
You/You_aug_20.mp4	71
You/You_aug_21.mp4	71
You/You_aug_22.mp4	71
You/You_aug_23.mp4	71
You/You_aug_24.mp4	71
You/You_aug_25.mp4	71
You/You_aug_26.mp4	71
You/You_aug_27.mp4	71
You/You_aug_28.mp4	71
You/You_aug_29.mp4	71
You/You_aug_3.mp4	71
You/You_aug_30.mp4	71
You/You_aug_4.mp4	71
You/You_aug_5.mp4	71
You/You_aug_6.mp4	71
You/You_aug_7.mp4	71
You/You_aug_8.mp4	71
You/You_aug_9.mp4	71
ء/ء_1.mp4	72
ء/ء_10.mp4	72
ء/ء_11.mp4	72
ء/ء_12.mp4	72
ء/ء_13.mp4	72
ء/ء_15.mp4	72
ء/ء_3.mp4	72
ء/ء_4.mp4	72
ء/ء_5.mp4	72
ء/ء_7.mp4	72
ء/ء_8.mp4	72
ء/ء_9.mp4	72
ء/ء_aug_1.mp4	72
ء/ء_aug_10.mp4	72
ء/ء_aug_11.mp4	72
ء/ء_aug_12.mp4	72
ء/ء_aug_13.mp4	72
ء/ء_aug_14.mp4	72
ء/ء_aug_15.mp4	72
ء/ء_aug_16.mp4	72
ء/ء_aug_17.mp4	72
ء/ء_aug_18.mp4	72
ء/ء_aug_19.mp4	72
ء/ء_aug_2.mp4	72
ء/ء_aug_20.mp4	72
ء/ء_aug_21.mp4	72
ء/ء_aug_22.mp4	72
ء/ء_aug_23.mp4	72
ء/ء_aug_24.mp4	72
ء/ء_aug_25.mp4	72
ء/ء_aug_26.mp4	72
ء/ء_aug_27.mp4	72
ء/ء_aug_28.mp4	72
ء/ء_aug_29.mp4	72
ء/ء_aug_3.mp4	72
ء/ء_aug_30.mp4	72
ء/ء_aug_4.mp4	72
ء/ء_aug_5.mp4	72
ء/ء_aug_6.mp4	72
ء/ء_aug_7.mp4	72
ء/ء_aug_8.mp4	72
ء/ء_aug_9.mp4	72
ا/ا.mp4	73
ا/ا_12.mp4	73
ا/ا_13.mp4	73
ا/ا_14.mp4	73
ا/ا_2.mp4	73
ا/ا_3.mp4	73
ا/ا_4.mp4	73
ا/ا_5.mp4	73
ا/ا_6.mp4	73
ا/ا_7.mp4	73
ا/ا_8.mp4	73
ا/ا_9.mp4	73
ا/ا_aug_1.mp4	73
ا/ا_aug_10.mp4	73
ا/ا_aug_11.mp4	73
ا/ا_aug_12.mp4	73
ا/ا_aug_13.mp4	73
ا/ا_aug_14.mp4	73
ا/ا_aug_15.mp4	73
ا/ا_aug_16.mp4	73
ا/ا_aug_17.mp4	73
ا/ا_aug_18.mp4	73
ا/ا_aug_19.mp4	73
ا/ا_aug_2.mp4	73
ا/ا_aug_20.mp4	73
ا/ا_aug_21.mp4	73
ا/ا_aug_22.mp4	73
ا/ا_aug_23.mp4	73
ا/ا_aug_24.mp4	73
ا/ا_aug_25.mp4	73
ا/ا_aug_26.mp4	73
ا/ا_aug_27.mp4	73
ا/ا_aug_28.mp4	73
ا/ا_aug_29.mp4	73
ا/ا_aug_3.mp4	73
ا/ا_aug_30.mp4	73
ا/ا_aug_4.mp4	73
ا/ا_aug_5.mp4	73
ا/ا_aug_6.mp4	73
ا/ا_aug_7.mp4	73
ا/ا_aug_8.mp4	73
ا/ا_aug_9.mp4	73
ب/ب_1.mp4	74
ب/ب_11.mp4	74
ب/ب_12.mp4	74
ب/ب_14.mp4	74
ب/ب_2.mp4	74
ب/ب_3.mp4	74
ب/ب_4.mp4	74
ب/ب_5.mp4	74
ب/ب_6.mp4	74
ب/ب_7.mp4	74
ب/ب_8.mp4	74
ب/ب_9.mp4	74
ب/ب_aug_1.mp4	74
ب/ب_aug_10.mp4	74
ب/ب_aug_11.mp4	74
ب/ب_aug_12.mp4	74
ب/ب_aug_13.mp4	74
ب/ب_aug_14.mp4	74
ب/ب_aug_15.mp4	74
ب/ب_aug_16.mp4	74
ب/ب_aug_17.mp4	74
ب/ب_aug_18.mp4	74
ب/ب_aug_19.mp4	74
ب/ب_aug_2.mp4	74
ب/ب_aug_20.mp4	74
ب/ب_aug_21.mp4	74
ب/ب_aug_22.mp4	74
ب/ب_aug_23.mp4	74
ب/ب_aug_24.mp4	74
ب/ب_aug_25.mp4	74
ب/ب_aug_26.mp4	74
ب/ب_aug_27.mp4	74
ب/ب_aug_28.mp4	74
ب/ب_aug_29.mp4	74
ب/ب_aug_3.mp4	74
ب/ب_aug_30.mp4	74
ب/ب_aug_4.mp4	74
ب/ب_aug_5.mp4	74
ب/ب_aug_6.mp4	74
ب/ب_aug_7.mp4	74
ب/ب_aug_8.mp4	74
ب/ب_aug_9.mp4	74
ت/ت.mp4	75
ت/ت_1.mp4	75
ت/ت_12.mp4	75
ت/ت_14.mp4	75
ت/ت_15.mp4	75
ت/ت_2.mp4	75
ت/ت_3.mp4	75
ت/ت_4.mp4	75
ت/ت_5.mp4	75
ت/ت_6.mp4	75
ت/ت_7.mp4	75
ت/ت_9.mp4	75
ت/ت_aug_1.mp4	75
ت/ت_aug_10.mp4	75
ت/ت_aug_11.mp4	75
ت/ت_aug_12.mp4	75
ت/ت_aug_13.mp4	75
ت/ت_aug_14.mp4	75
ت/ت_aug_15.mp4	75
ت/ت_aug_16.mp4	75
ت/ت_aug_17.mp4	75
ت/ت_aug_18.mp4	75
ت/ت_aug_19.mp4	75
ت/ت_aug_2.mp4	75
ت/ت_aug_20.mp4	75
ت/ت_aug_21.mp4	75
ت/ت_aug_22.mp4	75
ت/ت_aug_23.mp4	75
ت/ت_aug_24.mp4	75
ت/ت_aug_25.mp4	75
ت/ت_aug_26.mp4	75
ت/ت_aug_27.mp4	75
ت/ت_aug_28.mp4	75
ت/ت_aug_29.mp4	75
ت/ت_aug_3.mp4	75
ت/ت_aug_30.mp4	75
ت/ت_aug_4.mp4	75
ت/ت_aug_5.mp4	75
ت/ت_aug_6.mp4	75
ت/ت_aug_7.mp4	75
ت/ت_aug_8.mp4	75
ت/ت_aug_9.mp4	75
ث/ث.mp4	76
ث/ث_1.mp4	76
ث/ث_10.mp4	76
ث/ث_11.mp4	76
ث/ث_13.mp4	76
ث/ث_14.mp4	76
ث/ث_15.mp4	76
ث/ث_2.mp4	76
ث/ث_4.mp4	76
ث/ث_5.mp4	76
ث/ث_8.mp4	76
ث/ث_9.mp4	76
ث/ث_aug_1.mp4	76
ث/ث_aug_10.mp4	76
ث/ث_aug_11.mp4	76
ث/ث_aug_12.mp4	76
ث/ث_aug_13.mp4	76
ث/ث_aug_14.mp4	76
ث/ث_aug_15.mp4	76
ث/ث_aug_16.mp4	76
ث/ث_aug_17.mp4	76
ث/ث_aug_18.mp4	76
ث/ث_aug_19.mp4	76
ث/ث_aug_2.mp4	76
ث/ث_aug_20.mp4	76
ث/ث_aug_21.mp4	76
ث/ث_aug_22.mp4	76
ث/ث_aug_23.mp4	76
ث/ث_aug_24.mp4	76
ث/ث_aug_25.mp4	76
ث/ث_aug_26.mp4	76
ث/ث_aug_27.mp4	76
ث/ث_aug_28.mp4	76
ث/ث_aug_29.mp4	76
ث/ث_aug_3.mp4	76
ث/ث_aug_30.mp4	76
ث/ث_aug_4.mp4	76
ث/ث_aug_5.mp4	76
ث/ث_aug_6.mp4	76
ث/ث_aug_7.mp4	76
ث/ث_aug_8.mp4	76
ث/ث_aug_9.mp4	76
ج/ج_10.mp4	77
ج/ج_11.mp4	77
ج/ج_12.mp4	77
ج/ج_13.mp4	77
ج/ج_15.mp4	77
ج/ج_2.mp4	77
ج/ج_3.mp4	77
ج/ج_4.mp4	77
ج/ج_5.mp4	77
ج/ج_6.mp4	77
ج/ج_8.mp4	77
ج/ج_9.mp4	77
ج/ج_aug_1.mp4	77
ج/ج_aug_10.mp4	77
ج/ج_aug_11.mp4	77
ج/ج_aug_12.mp4	77
ج/ج_aug_13.mp4	77
ج/ج_aug_14.mp4	77
ج/ج_aug_15.mp4	77
ج/ج_aug_16.mp4	77
ج/ج_aug_17.mp4	77
ج/ج_aug_18.mp4	77
ج/ج_aug_19.mp4	77
ج/ج_aug_2.mp4	77
ج/ج_aug_20.mp4	77
ج/ج_aug_21.mp4	77
ج/ج_aug_22.mp4	77
ج/ج_aug_23.mp4	77
ج/ج_aug_24.mp4	77
ج/ج_aug_25.mp4	77
ج/ج_aug_26.mp4	77
ج/ج_aug_27.mp4	77
ج/ج_aug_28.mp4	77
ج/ج_aug_29.mp4	77
ج/ج_aug_3.mp4	77
ج/ج_aug_30.mp4	77
ج/ج_aug_4.mp4	77
ج/ج_aug_5.mp4	77
ج/ج_aug_6.mp4	77
ج/ج_aug_7.mp4	77
ج/ج_aug_8.mp4	77
ج/ج_aug_9.mp4	77
ح/ح.mp4	78
ح/ح_1.mp4	78
ح/ح_10.mp4	78
ح/ح_11.mp4	78
ح/ح_12.mp4	78
ح/ح_13.mp4	78
ح/ح_15.mp4	78
ح/ح_3.mp4	78
ح/ح_5.mp4	78
ح/ح_6.mp4	78
ح/ح_8.mp4	78
ح/ح_9.mp4	78
ح/ح_aug_1.mp4	78
ح/ح_aug_10.mp4	78
ح/ح_aug_11.mp4	78
ح/ح_aug_12.mp4	78
ح/ح_aug_13.mp4	78
ح/ح_aug_14.mp4	78
ح/ح_aug_15.mp4	78
ح/ح_aug_16.mp4	78
ح/ح_aug_17.mp4	78
ح/ح_aug_18.mp4	78
ح/ح_aug_19.mp4	78
ح/ح_aug_2.mp4	78
ح/ح_aug_20.mp4	78
ح/ح_aug_21.mp4	78
ح/ح_aug_22.mp4	78
ح/ح_aug_23.mp4	78
ح/ح_aug_24.mp4	78
ح/ح_aug_25.mp4	78
ح/ح_aug_26.mp4	78
ح/ح_aug_27.mp4	78
ح/ح_aug_28.mp4	78
ح/ح_aug_29.mp4	78
ح/ح_aug_3.mp4	78
ح/ح_aug_30.mp4	78
ح/ح_aug_4.mp4	78
ح/ح_aug_5.mp4	78
ح/ح_aug_6.mp4	78
ح/ح_aug_7.mp4	78
ح/ح_aug_8.mp4	78
ح/ح_aug_9.mp4	78
خ/خ.mp4	79
خ/خ_1.mp4	79
خ/خ_10.mp4	79
خ/خ_11.mp4	79
خ/خ_12.mp4	79
خ/خ_13.mp4	79
خ/خ_15.mp4	79
خ/خ_5.mp4	79
خ/خ_6.mp4	79
خ/خ_7.mp4	79
خ/خ_8.mp4	79
خ/خ_9.mp4	79
خ/خ_aug_1.mp4	79
خ/خ_aug_10.mp4	79
خ/خ_aug_11.mp4	79
خ/خ_aug_12.mp4	79
خ/خ_aug_13.mp4	79
خ/خ_aug_14.mp4	79
خ/خ_aug_15.mp4	79
خ/خ_aug_16.mp4	79
خ/خ_aug_17.mp4	79
خ/خ_aug_18.mp4	79
خ/خ_aug_19.mp4	79
خ/خ_aug_2.mp4	79
خ/خ_aug_20.mp4	79
خ/خ_aug_21.mp4	79
خ/خ_aug_22.mp4	79
خ/خ_aug_23.mp4	79
خ/خ_aug_24.mp4	79
خ/خ_aug_25.mp4	79
خ/خ_aug_26.mp4	79
خ/خ_aug_27.mp4	79
خ/خ_aug_28.mp4	79
خ/خ_aug_29.mp4	79
خ/خ_aug_3.mp4	79
خ/خ_aug_30.mp4	79
خ/خ_aug_4.mp4	79
خ/خ_aug_5.mp4	79
خ/خ_aug_6.mp4	79
خ/خ_aug_7.mp4	79
خ/خ_aug_8.mp4	79
خ/خ_aug_9.mp4	79
د/د.mp4	80
د/د_10.mp4	80
د/د_12.mp4	80
د/د_13.mp4	80
د/د_15.mp4	80
د/د_2.mp4	80
د/د_3.mp4	80
د/د_4.mp4	80
د/د_5.mp4	80
د/د_7.mp4	80
د/د_8.mp4	80
د/د_9.mp4	80
د/د_aug_1.mp4	80
د/د_aug_10.mp4	80
د/د_aug_11.mp4	80
د/د_aug_12.mp4	80
د/د_aug_13.mp4	80
د/د_aug_14.mp4	80
د/د_aug_15.mp4	80
د/د_aug_16.mp4	80
د/د_aug_17.mp4	80
د/د_aug_18.mp4	80
د/د_aug_19.mp4	80
د/د_aug_2.mp4	80
د/د_aug_20.mp4	80
د/د_aug_21.mp4	80
د/د_aug_22.mp4	80
د/د_aug_23.mp4	80
د/د_aug_24.mp4	80
د/د_aug_25.mp4	80
د/د_aug_26.mp4	80
د/د_aug_27.mp4	80
د/د_aug_28.mp4	80
د/د_aug_29.mp4	80
د/د_aug_3.mp4	80
د/د_aug_30.mp4	80
د/د_aug_4.mp4	80
د/د_aug_5.mp4	80
د/د_aug_6.mp4	80
د/د_aug_7.mp4	80
د/د_aug_8.mp4	80
د/د_aug_9.mp4	80
ر/ر.mp4	81
ر/ر_1.mp4	81
ر/ر_10.mp4	81
ر/ر_12.mp4	81
ر/ر_13.mp4	81
ر/ر_15.mp4	81
ر/ر_3.mp4	81
ر/ر_4.mp4	81
ر/ر_5.mp4	81
ر/ر_6.mp4	81
ر/ر_7.mp4	81
ر/ر_8.mp4	81
ر/ر_aug_1.mp4	81
ر/ر_aug_10.mp4	81
ر/ر_aug_11.mp4	81
ر/ر_aug_12.mp4	81
ر/ر_aug_13.mp4	81
ر/ر_aug_14.mp4	81
ر/ر_aug_15.mp4	81
ر/ر_aug_16.mp4	81
ر/ر_aug_17.mp4	81
ر/ر_aug_18.mp4	81
ر/ر_aug_19.mp4	81
ر/ر_aug_2.mp4	81
ر/ر_aug_20.mp4	81
ر/ر_aug_21.mp4	81
ر/ر_aug_22.mp4	81
ر/ر_aug_23.mp4	81
ر/ر_aug_24.mp4	81
ر/ر_aug_25.mp4	81
ر/ر_aug_26.mp4	81
ر/ر_aug_27.mp4	81
ر/ر_aug_28.mp4	81
ر/ر_aug_29.mp4	81
ر/ر_aug_3.mp4	81
ر/ر_aug_30.mp4	81
ر/ر_aug_4.mp4	81
ر/ر_aug_5.mp4	81
ر/ر_aug_6.mp4	81
ر/ر_aug_7.mp4	81
ر/ر_aug_8.mp4	81
ر/ر_aug_9.mp4	81
ز/ز.mp4	82
ز/ز_10.mp4	82
ز/ز_11.mp4	82
ز/ز_13.mp4	82
ز/ز_14.mp4	82
ز/ز_2.mp4	82
ز/ز_3.mp4	82
ز/ز_4.mp4	82
ز/ز_6.mp4	82
ز/ز_7.mp4	82
ز/ز_8.mp4	82
ز/ز_9.mp4	82
ز/ز_aug_1.mp4	82
ز/ز_aug_10.mp4	82
ز/ز_aug_11.mp4	82
ز/ز_aug_12.mp4	82
ز/ز_aug_13.mp4	82
ز/ز_aug_14.mp4	82
ز/ز_aug_15.mp4	82
ز/ز_aug_16.mp4	82
ز/ز_aug_17.mp4	82
ز/ز_aug_18.mp4	82
ز/ز_aug_19.mp4	82
ز/ز_aug_2.mp4	82
ز/ز_aug_20.mp4	82
ز/ز_aug_21.mp4	82
ز/ز_aug_22.mp4	82
ز/ز_aug_23.mp4	82
ز/ز_aug_24.mp4	82
ز/ز_aug_25.mp4	82
ز/ز_aug_26.mp4	82
ز/ز_aug_27.mp4	82
ز/ز_aug_28.mp4	82
ز/ز_aug_29.mp4	82
ز/ز_aug_3.mp4	82
ز/ز_aug_30.mp4	82
ز/ز_aug_4.mp4	82
ز/ز_aug_5.mp4	82
ز/ز_aug_6.mp4	82
ز/ز_aug_7.mp4	82
ز/ز_aug_8.mp4	82
ز/ز_aug_9.mp4	82
س/س_1.mp4	83
س/س_12.mp4	83
س/س_13.mp4	83
س/س_14.mp4	83
س/س_2.mp4	83
س/س_3.mp4	83
س/س_4.mp4	83
س/س_5.mp4	83
س/س_6.mp4	83
س/س_7.mp4	83
س/س_8.mp4	83
س/س_9.mp4	83
س/س_aug_1.mp4	83
س/س_aug_10.mp4	83
س/س_aug_11.mp4	83
س/س_aug_12.mp4	83
س/س_aug_13.mp4	83
س/س_aug_14.mp4	83
س/س_aug_15.mp4	83
س/س_aug_16.mp4	83
س/س_aug_17.mp4	83
س/س_aug_18.mp4	83
س/س_aug_19.mp4	83
س/س_aug_2.mp4	83
س/س_aug_20.mp4	83
س/س_aug_21.mp4	83
س/س_aug_22.mp4	83
س/س_aug_23.mp4	83
س/س_aug_24.mp4	83
س/س_aug_25.mp4	83
س/س_aug_26.mp4	83
س/س_aug_27.mp4	83
س/س_aug_28.mp4	83
س/س_aug_29.mp4	83
س/س_aug_3.mp4	83
س/س_aug_30.mp4	83
س/س_aug_4.mp4	83
س/س_aug_5.mp4	83
س/س_aug_6.mp4	83
س/س_aug_7.mp4	83
س/س_aug_8.mp4	83
س/س_aug_9.mp4	83
ش/ش.mp4	84
ش/ش_1.mp4	84
ش/ش_12.mp4	84
ش/ش_14.mp4	84
ش/ش_15.mp4	84
ش/ش_2.mp4	84
ش/ش_3.mp4	84
ش/ش_5.mp4	84
ش/ش_6.mp4	84
ش/ش_7.mp4	84
ش/ش_8.mp4	84
ش/ش_9.mp4	84
ش/ش_aug_1.mp4	84
ش/ش_aug_10.mp4	84
ش/ش_aug_11.mp4	84
ش/ش_aug_12.mp4	84
ش/ش_aug_13.mp4	84
ش/ش_aug_14.mp4	84
ش/ش_aug_15.mp4	84
ش/ش_aug_16.mp4	84
ش/ش_aug_17.mp4	84
ش/ش_aug_18.mp4	84
ش/ش_aug_19.mp4	84
ش/ش_aug_2.mp4	84
ش/ش_aug_20.mp4	84
ش/ش_aug_21.mp4	84
ش/ش_aug_22.mp4	84
ش/ش_aug_23.mp4	84
ش/ش_aug_24.mp4	84
ش/ش_aug_25.mp4	84
ش/ش_aug_26.mp4	84
ش/ش_aug_27.mp4	84
ش/ش_aug_28.mp4	84
ش/ش_aug_29.mp4	84
ش/ش_aug_3.mp4	84
ش/ش_aug_30.mp4	84
ش/ش_aug_4.mp4	84
ش/ش_aug_5.mp4	84
ش/ش_aug_6.mp4	84
ش/ش_aug_7.mp4	84
ش/ش_aug_8.mp4	84
ش/ش_aug_9.mp4	84
ض/ض_10.mp4	85
ض/ض_11.mp4	85
ض/ض_13.mp4	85
ض/ض_14.mp4	85
ض/ض_15.mp4	85
ض/ض_2.mp4	85
ض/ض_3.mp4	85
ض/ض_4.mp4	85
ض/ض_6.mp4	85
ض/ض_7.mp4	85
ض/ض_8.mp4	85
ض/ض_9.mp4	85
ض/ض_aug_1.mp4	85
ض/ض_aug_10.mp4	85
ض/ض_aug_11.mp4	85
ض/ض_aug_12.mp4	85
ض/ض_aug_13.mp4	85
ض/ض_aug_14.mp4	85
ض/ض_aug_15.mp4	85
ض/ض_aug_16.mp4	85
ض/ض_aug_17.mp4	85
ض/ض_aug_18.mp4	85
ض/ض_aug_19.mp4	85
ض/ض_aug_2.mp4	85
ض/ض_aug_20.mp4	85
ض/ض_aug_21.mp4	85
ض/ض_aug_22.mp4	85
ض/ض_aug_23.mp4	85
ض/ض_aug_24.mp4	85
ض/ض_aug_25.mp4	85
ض/ض_aug_26.mp4	85
ض/ض_aug_27.mp4	85
ض/ض_aug_28.mp4	85
ض/ض_aug_29.mp4	85
ض/ض_aug_3.mp4	85
ض/ض_aug_30.mp4	85
ض/ض_aug_4.mp4	85
ض/ض_aug_5.mp4	85
ض/ض_aug_6.mp4	85
ض/ض_aug_7.mp4	85
ض/ض_aug_8.mp4	85
ض/ض_aug_9.mp4	85
ط/ط.mp4	86
ط/ط_1.mp4	86
ط/ط_10.mp4	86
ط/ط_11.mp4	86
ط/ط_12.mp4	86
ط/ط_13.mp4	86
ط/ط_14.mp4	86
ط/ط_15.mp4	86
ط/ط_6.mp4	86
ط/ط_7.mp4	86
ط/ط_8.mp4	86
ط/ط_9.mp4	86
ط/ط_aug_1.mp4	86
ط/ط_aug_10.mp4	86
ط/ط_aug_11.mp4	86
ط/ط_aug_12.mp4	86
ط/ط_aug_13.mp4	86
ط/ط_aug_14.mp4	86
ط/ط_aug_15.mp4	86
ط/ط_aug_16.mp4	86
ط/ط_aug_17.mp4	86
ط/ط_aug_18.mp4	86
ط/ط_aug_19.mp4	86
ط/ط_aug_2.mp4	86
ط/ط_aug_20.mp4	86
ط/ط_aug_21.mp4	86
ط/ط_aug_22.mp4	86
ط/ط_aug_23.mp4	86
ط/ط_aug_24.mp4	86
ط/ط_aug_25.mp4	86
ط/ط_aug_26.mp4	86
ط/ط_aug_27.mp4	86
ط/ط_aug_28.mp4	86
ط/ط_aug_29.mp4	86
ط/ط_aug_3.mp4	86
ط/ط_aug_30.mp4	86
ط/ط_aug_4.mp4	86
ط/ط_aug_5.mp4	86
ط/ط_aug_6.mp4	86
ط/ط_aug_7.mp4	86
ط/ط_aug_8.mp4	86
ط/ط_aug_9.mp4	86
ع/ع.mp4	87
ع/ع_1.mp4	87
ع/ع_11.mp4	87
ع/ع_13.mp4	87
ع/ع_14.mp4	87
ع/ع_15.mp4	87
ع/ع_3.mp4	87
ع/ع_4.mp4	87
ع/ع_5.mp4	87
ع/ع_7.mp4	87
ع/ع_8.mp4	87
ع/ع_9.mp4	87
ع/ع_aug_1.mp4	87
ع/ع_aug_10.mp4	87
ع/ع_aug_11.mp4	87
ع/ع_aug_12.mp4	87
ع/ع_aug_13.mp4	87
ع/ع_aug_14.mp4	87
ع/ع_aug_15.mp4	87
ع/ع_aug_16.mp4	87
ع/ع_aug_17.mp4	87
ع/ع_aug_18.mp4	87
ع/ع_aug_19.mp4	87
ع/ع_aug_2.mp4	87
ع/ع_aug_20.mp4	87
ع/ع_aug_21.mp4	87
ع/ع_aug_22.mp4	87
ع/ع_aug_23.mp4	87
ع/ع_aug_24.mp4	87
ع/ع_aug_25.mp4	87
ع/ع_aug_26.mp4	87
ع/ع_aug_27.mp4	87
ع/ع_aug_28.mp4	87
ع/ع_aug_29.mp4	87
ع/ع_aug_3.mp4	87
ع/ع_aug_30.mp4	87
ع/ع_aug_4.mp4	87
ع/ع_aug_5.mp4	87
ع/ع_aug_6.mp4	87
ع/ع_aug_7.mp4	87
ع/ع_aug_8.mp4	87
ع/ع_aug_9.mp4	87
غ/غ.mp4	88
غ/غ_10.mp4	88
غ/غ_11.mp4	88
غ/غ_12.mp4	88
غ/غ_14.mp4	88
غ/غ_15.mp4	88
غ/غ_2.mp4	88
غ/غ_3.mp4	88
غ/غ_4.mp4	88
غ/غ_5.mp4	88
غ/غ_8.mp4	88
غ/غ_9.mp4	88
غ/غ_aug_1.mp4	88
غ/غ_aug_10.mp4	88
غ/غ_aug_11.mp4	88
غ/غ_aug_12.mp4	88
غ/غ_aug_13.mp4	88
غ/غ_aug_14.mp4	88
غ/غ_aug_15.mp4	88
غ/غ_aug_16.mp4	88
غ/غ_aug_17.mp4	88
غ/غ_aug_18.mp4	88
غ/غ_aug_19.mp4	88
غ/غ_aug_2.mp4	88
غ/غ_aug_20.mp4	88
غ/غ_aug_21.mp4	88
غ/غ_aug_22.mp4	88
غ/غ_aug_23.mp4	88
غ/غ_aug_24.mp4	88
غ/غ_aug_25.mp4	88
غ/غ_aug_26.mp4	88
غ/غ_aug_27.mp4	88
غ/غ_aug_28.mp4	88
غ/غ_aug_29.mp4	88
غ/غ_aug_3.mp4	88
غ/غ_aug_30.mp4	88
غ/غ_aug_4.mp4	88
غ/غ_aug_5.mp4	88
غ/غ_aug_6.mp4	88
غ/غ_aug_7.mp4	88
غ/غ_aug_8.mp4	88
غ/غ_aug_9.mp4	88
ف/ف.mp4	89
ف/ف_11.mp4	89
ف/ف_12.mp4	89
ف/ف_13.mp4	89
ف/ف_14.mp4	89
ف/ف_15.mp4	89
ف/ف_2.mp4	89
ف/ف_4.mp4	89
ف/ف_5.mp4	89
ف/ف_7.mp4	89
ف/ف_8.mp4	89
ف/ف_9.mp4	89
ف/ف_aug_1.mp4	89
ف/ف_aug_10.mp4	89
ف/ف_aug_11.mp4	89
ف/ف_aug_12.mp4	89
ف/ف_aug_13.mp4	89
ف/ف_aug_14.mp4	89
ف/ف_aug_15.mp4	89
ف/ف_aug_16.mp4	89
ف/ف_aug_17.mp4	89
ف/ف_aug_18.mp4	89
ف/ف_aug_19.mp4	89
ف/ف_aug_2.mp4	89
ف/ف_aug_20.mp4	89
ف/ف_aug_21.mp4	89
ف/ف_aug_22.mp4	89
ف/ف_aug_23.mp4	89
ف/ف_aug_24.mp4	89
ف/ف_aug_25.mp4	89
ف/ف_aug_26.mp4	89
ف/ف_aug_27.mp4	89
ف/ف_aug_28.mp4	89
ف/ف_aug_29.mp4	89
ف/ف_aug_3.mp4	89
ف/ف_aug_30.mp4	89
ف/ف_aug_4.mp4	89
ف/ف_aug_5.mp4	89
ف/ف_aug_6.mp4	89
ف/ف_aug_7.mp4	89
ف/ف_aug_8.mp4	89
ف/ف_aug_9.mp4	89
ل/ل_1.mp4	90
ل/ل_10.mp4	90
ل/ل_11.mp4	90
ل/ل_12.mp4	90
ل/ل_13.mp4	90
ل/ل_14.mp4	90
ل/ل_15.mp4	90
ل/ل_2.mp4	90
ل/ل_3.mp4	90
ل/ل_5.mp4	90
ل/ل_6.mp4	90
ل/ل_8.mp4	90
ل/ل_aug_1.mp4	90
ل/ل_aug_10.mp4	90
ل/ل_aug_11.mp4	90
ل/ل_aug_12.mp4	90
ل/ل_aug_13.mp4	90
ل/ل_aug_14.mp4	90
ل/ل_aug_15.mp4	90
ل/ل_aug_16.mp4	90
ل/ل_aug_17.mp4	90
ل/ل_aug_18.mp4	90
ل/ل_aug_19.mp4	90
ل/ل_aug_2.mp4	90
ل/ل_aug_20.mp4	90
ل/ل_aug_21.mp4	90
ل/ل_aug_22.mp4	90
ل/ل_aug_23.mp4	90
ل/ل_aug_24.mp4	90
ل/ل_aug_25.mp4	90
ل/ل_aug_26.mp4	90
ل/ل_aug_27.mp4	90
ل/ل_aug_28.mp4	90
ل/ل_aug_29.mp4	90
ل/ل_aug_3.mp4	90
ل/ل_aug_30.mp4	90
ل/ل_aug_4.mp4	90
ل/ل_aug_5.mp4	90
ل/ل_aug_6.mp4	90
ل/ل_aug_7.mp4	90
ل/ل_aug_8.mp4	90
ل/ل_aug_9.mp4	90
م/م.mp4	91
م/م_10.mp4	91
م/م_12.mp4	91
م/م_13.mp4	91
م/م_14.mp4	91
م/م_15.mp4	91
م/م_3.mp4	91
م/م_4.mp4	91
م/م_5.mp4	91
م/م_6.mp4	91
م/م_8.mp4	91
م/م_9.mp4	91
م/م_aug_1.mp4	91
م/م_aug_10.mp4	91
م/م_aug_11.mp4	91
م/م_aug_12.mp4	91
م/م_aug_13.mp4	91
م/م_aug_14.mp4	91
م/م_aug_15.mp4	91
م/م_aug_16.mp4	91
م/م_aug_17.mp4	91
م/م_aug_18.mp4	91
م/م_aug_19.mp4	91
م/م_aug_2.mp4	91
م/م_aug_20.mp4	91
م/م_aug_21.mp4	91
م/م_aug_22.mp4	91
م/م_aug_23.mp4	91
م/م_aug_24.mp4	91
م/م_aug_25.mp4	91
م/م_aug_26.mp4	91
م/م_aug_27.mp4	91
م/م_aug_28.mp4	91
م/م_aug_29.mp4	91
م/م_aug_3.mp4	91
م/م_aug_30.mp4	91
م/م_aug_4.mp4	91
م/م_aug_5.mp4	91
م/م_aug_6.mp4	91
م/م_aug_7.mp4	91
م/م_aug_8.mp4	91
م/م_aug_9.mp4	91
ن/ن.mp4	92
ن/ن_11.mp4	92
ن/ن_12.mp4	92
ن/ن_14.mp4	92
ن/ن_15.mp4	92
ن/ن_2.mp4	92
ن/ن_3.mp4	92
ن/ن_4.mp4	92
ن/ن_5.mp4	92
ن/ن_6.mp4	92
ن/ن_7.mp4	92
ن/ن_8.mp4	92
ن/ن_aug_1.mp4	92
ن/ن_aug_10.mp4	92
ن/ن_aug_11.mp4	92
ن/ن_aug_12.mp4	92
ن/ن_aug_13.mp4	92
ن/ن_aug_14.mp4	92
ن/ن_aug_15.mp4	92
ن/ن_aug_16.mp4	92
ن/ن_aug_17.mp4	92
ن/ن_aug_18.mp4	92
ن/ن_aug_19.mp4	92
ن/ن_aug_2.mp4	92
ن/ن_aug_20.mp4	92
ن/ن_aug_21.mp4	92
ن/ن_aug_22.mp4	92
ن/ن_aug_23.mp4	92
ن/ن_aug_24.mp4	92
ن/ن_aug_25.mp4	92
ن/ن_aug_26.mp4	92
ن/ن_aug_27.mp4	92
ن/ن_aug_28.mp4	92
ن/ن_aug_29.mp4	92
ن/ن_aug_3.mp4	92
ن/ن_aug_30.mp4	92
ن/ن_aug_4.mp4	92
ن/ن_aug_5.mp4	92
ن/ن_aug_6.mp4	92
ن/ن_aug_7.mp4	92
ن/ن_aug_8.mp4	92
ن/ن_aug_9.mp4	92
و/و_1.mp4	93
و/و_10.mp4	93
و/و_11.mp4	93
و/و_12.mp4	93
و/و_13.mp4	93
و/و_15.mp4	93
و/و_2.mp4	93
و/و_3.mp4	93
و/و_4.mp4	93
و/و_6.mp4	93
و/و_8.mp4	93
و/و_9.mp4	93
و/و_aug_1.mp4	93
و/و_aug_10.mp4	93
و/و_aug_11.mp4	93
و/و_aug_12.mp4	93
و/و_aug_13.mp4	93
و/و_aug_14.mp4	93
و/و_aug_15.mp4	93
و/و_aug_16.mp4	93
و/و_aug_17.mp4	93
و/و_aug_18.mp4	93
و/و_aug_19.mp4	93
و/و_aug_2.mp4	93
و/و_aug_20.mp4	93
و/و_aug_21.mp4	93
و/و_aug_22.mp4	93
و/و_aug_23.mp4	93
و/و_aug_24.mp4	93
و/و_aug_25.mp4	93
و/و_aug_26.mp4	93
و/و_aug_27.mp4	93
و/و_aug_28.mp4	93
و/و_aug_29.mp4	93
و/و_aug_3.mp4	93
و/و_aug_30.mp4	93
و/و_aug_4.mp4	93
و/و_aug_5.mp4	93
و/و_aug_6.mp4	93
و/و_aug_7.mp4	93
و/و_aug_8.mp4	93
و/و_aug_9.mp4	93
پ/پ.mp4	94
پ/پ_1.mp4	94
پ/پ_10.mp4	94
پ/پ_13.mp4	94
پ/پ_14.mp4	94
پ/پ_15.mp4	94
پ/پ_2.mp4	94
پ/پ_3.mp4	94
پ/پ_4.mp4	94
پ/پ_5.mp4	94
پ/پ_7.mp4	94
پ/پ_9.mp4	94
پ/پ_aug_1.mp4	94
پ/پ_aug_10.mp4	94
پ/پ_aug_11.mp4	94
پ/پ_aug_12.mp4	94
پ/پ_aug_13.mp4	94
پ/پ_aug_14.mp4	94
پ/پ_aug_15.mp4	94
پ/پ_aug_16.mp4	94
پ/پ_aug_17.mp4	94
پ/پ_aug_18.mp4	94
پ/پ_aug_19.mp4	94
پ/پ_aug_2.mp4	94
پ/پ_aug_20.mp4	94
پ/پ_aug_21.mp4	94
پ/پ_aug_22.mp4	94
پ/پ_aug_23.mp4	94
پ/پ_aug_24.mp4	94
پ/پ_aug_25.mp4	94
پ/پ_aug_26.mp4	94
پ/پ_aug_27.mp4	94
پ/پ_aug_28.mp4	94
پ/پ_aug_29.mp4	94
پ/پ_aug_3.mp4	94
پ/پ_aug_30.mp4	94
پ/پ_aug_4.mp4	94
پ/پ_aug_5.mp4	94
پ/پ_aug_6.mp4	94
پ/پ_aug_7.mp4	94
پ/پ_aug_8.mp4	94
پ/پ_aug_9.mp4	94
چ/چ.mp4	95
چ/چ_1.mp4	95
چ/چ_11.mp4	95
چ/چ_13.mp4	95
چ/چ_14.mp4	95
چ/چ_15.mp4	95
چ/چ_2.mp4	95
چ/چ_3.mp4	95
چ/چ_5.mp4	95
چ/چ_6.mp4	95
چ/چ_7.mp4	95
چ/چ_9.mp4	95
چ/چ_aug_1.mp4	95
چ/چ_aug_10.mp4	95
چ/چ_aug_11.mp4	95
چ/چ_aug_12.mp4	95
چ/چ_aug_13.mp4	95
چ/چ_aug_14.mp4	95
چ/چ_aug_15.mp4	95
چ/چ_aug_16.mp4	95
چ/چ_aug_17.mp4	95
چ/چ_aug_18.mp4	95
چ/چ_aug_19.mp4	95
چ/چ_aug_2.mp4	95
چ/چ_aug_20.mp4	95
چ/چ_aug_21.mp4	95
چ/چ_aug_22.mp4	95
چ/چ_aug_23.mp4	95
چ/چ_aug_24.mp4	95
چ/چ_aug_25.mp4	95
چ/چ_aug_26.mp4	95
چ/چ_aug_27.mp4	95
چ/چ_aug_28.mp4	95
چ/چ_aug_29.mp4	95
چ/چ_aug_3.mp4	95
چ/چ_aug_30.mp4	95
چ/چ_aug_4.mp4	95
چ/چ_aug_5.mp4	95
چ/چ_aug_6.mp4	95
چ/چ_aug_7.mp4	95
چ/چ_aug_8.mp4	95
چ/چ_aug_9.mp4	95
ڈ/ڈ_1.mp4	96
ڈ/ڈ_11.mp4	96
ڈ/ڈ_13.mp4	96
ڈ/ڈ_14.mp4	96
ڈ/ڈ_15.mp4	96
ڈ/ڈ_2.mp4	96
ڈ/ڈ_3.mp4	96
ڈ/ڈ_4.mp4	96
ڈ/ڈ_5.mp4	96
ڈ/ڈ_6.mp4	96
ڈ/ڈ_7.mp4	96
ڈ/ڈ_9.mp4	96
ڈ/ڈ_aug_1.mp4	96
ڈ/ڈ_aug_10.mp4	96
ڈ/ڈ_aug_11.mp4	96
ڈ/ڈ_aug_12.mp4	96
ڈ/ڈ_aug_13.mp4	96
ڈ/ڈ_aug_14.mp4	96
ڈ/ڈ_aug_15.mp4	96
ڈ/ڈ_aug_16.mp4	96
ڈ/ڈ_aug_17.mp4	96
ڈ/ڈ_aug_18.mp4	96
ڈ/ڈ_aug_19.mp4	96
ڈ/ڈ_aug_2.mp4	96
ڈ/ڈ_aug_20.mp4	96
ڈ/ڈ_aug_21.mp4	96
ڈ/ڈ_aug_22.mp4	96
ڈ/ڈ_aug_23.mp4	96
ڈ/ڈ_aug_24.mp4	96
ڈ/ڈ_aug_25.mp4	96
ڈ/ڈ_aug_26.mp4	96
ڈ/ڈ_aug_27.mp4	96
ڈ/ڈ_aug_28.mp4	96
ڈ/ڈ_aug_29.mp4	96
ڈ/ڈ_aug_3.mp4	96
ڈ/ڈ_aug_30.mp4	96
ڈ/ڈ_aug_4.mp4	96
ڈ/ڈ_aug_5.mp4	96
ڈ/ڈ_aug_6.mp4	96
ڈ/ڈ_aug_7.mp4	96
ڈ/ڈ_aug_8.mp4	96
ڈ/ڈ_aug_9.mp4	96
ڑ/ڑ.mp4	97
ڑ/ڑ_10.mp4	97
ڑ/ڑ_11.mp4	97
ڑ/ڑ_12.mp4	97
ڑ/ڑ_13.mp4	97
ڑ/ڑ_15.mp4	97
ڑ/ڑ_2.mp4	97
ڑ/ڑ_3.mp4	97
ڑ/ڑ_4.mp4	97
ڑ/ڑ_6.mp4	97
ڑ/ڑ_7.mp4	97
ڑ/ڑ_9.mp4	97
ڑ/ڑ_aug_1.mp4	97
ڑ/ڑ_aug_10.mp4	97
ڑ/ڑ_aug_11.mp4	97
ڑ/ڑ_aug_12.mp4	97
ڑ/ڑ_aug_13.mp4	97
ڑ/ڑ_aug_14.mp4	97
ڑ/ڑ_aug_15.mp4	97
ڑ/ڑ_aug_16.mp4	97
ڑ/ڑ_aug_17.mp4	97
ڑ/ڑ_aug_18.mp4	97
ڑ/ڑ_aug_19.mp4	97
ڑ/ڑ_aug_2.mp4	97
ڑ/ڑ_aug_20.mp4	97
ڑ/ڑ_aug_21.mp4	97
ڑ/ڑ_aug_22.mp4	97
ڑ/ڑ_aug_23.mp4	97
ڑ/ڑ_aug_24.mp4	97
ڑ/ڑ_aug_25.mp4	97
ڑ/ڑ_aug_26.mp4	97
ڑ/ڑ_aug_27.mp4	97
ڑ/ڑ_aug_28.mp4	97
ڑ/ڑ_aug_29.mp4	97
ڑ/ڑ_aug_3.mp4	97
ڑ/ڑ_aug_30.mp4	97
ڑ/ڑ_aug_4.mp4	97
ڑ/ڑ_aug_5.mp4	97
ڑ/ڑ_aug_6.mp4	97
ڑ/ڑ_aug_7.mp4	97
ڑ/ڑ_aug_8.mp4	97
ڑ/ڑ_aug_9.mp4	97
ک/ک.mp4	98
ک/ک_1.mp4	98
ک/ک_10.mp4	98
ک/ک_13.mp4	98
ک/ک_14.mp4	98
ک/ک_15.mp4	98
ک/ک_2.mp4	98
ک/ک_3.mp4	98
ک/ک_4.mp4	98
ک/ک_6.mp4	98
ک/ک_7.mp4	98
ک/ک_9.mp4	98
ک/ک_aug_1.mp4	98
ک/ک_aug_10.mp4	98
ک/ک_aug_11.mp4	98
ک/ک_aug_12.mp4	98
ک/ک_aug_13.mp4	98
ک/ک_aug_14.mp4	98
ک/ک_aug_15.mp4	98
ک/ک_aug_16.mp4	98
ک/ک_aug_17.mp4	98
ک/ک_aug_18.mp4	98
ک/ک_aug_19.mp4	98
ک/ک_aug_2.mp4	98
ک/ک_aug_20.mp4	98
ک/ک_aug_21.mp4	98
ک/ک_aug_22.mp4	98
ک/ک_aug_23.mp4	98
ک/ک_aug_24.mp4	98
ک/ک_aug_25.mp4	98
ک/ک_aug_26.mp4	98
ک/ک_aug_27.mp4	98
ک/ک_aug_28.mp4	98
ک/ک_aug_29.mp4	98
ک/ک_aug_3.mp4	98
ک/ک_aug_30.mp4	98
ک/ک_aug_4.mp4	98
ک/ک_aug_5.mp4	98
ک/ک_aug_6.mp4	98
ک/ک_aug_7.mp4	98
ک/ک_aug_8.mp4	98
ک/ک_aug_9.mp4	98
گ/گ.mp4	99
گ/گ_11.mp4	99
گ/گ_12.mp4	99
گ/گ_13.mp4	99
گ/گ_15.mp4	99
گ/گ_2.mp4	99
گ/گ_3.mp4	99
گ/گ_5.mp4	99
گ/گ_6.mp4	99
گ/گ_7.mp4	99
گ/گ_8.mp4	99
گ/گ_9.mp4	99
گ/گ_aug_1.mp4	99
گ/گ_aug_10.mp4	99
گ/گ_aug_11.mp4	99
گ/گ_aug_12.mp4	99
گ/گ_aug_13.mp4	99
گ/گ_aug_14.mp4	99
گ/گ_aug_15.mp4	99
گ/گ_aug_16.mp4	99
گ/گ_aug_17.mp4	99
گ/گ_aug_18.mp4	99
گ/گ_aug_19.mp4	99
گ/گ_aug_2.mp4	99
گ/گ_aug_20.mp4	99
گ/گ_aug_21.mp4	99
گ/گ_aug_22.mp4	99
گ/گ_aug_23.mp4	99
گ/گ_aug_24.mp4	99
گ/گ_aug_25.mp4	99
گ/گ_aug_26.mp4	99
گ/گ_aug_27.mp4	99
گ/گ_aug_28.mp4	99
گ/گ_aug_29.mp4	99
گ/گ_aug_3.mp4	99
گ/گ_aug_30.mp4	99
گ/گ_aug_4.mp4	99
گ/گ_aug_5.mp4	99
گ/گ_aug_6.mp4	99
گ/گ_aug_7.mp4	99
گ/گ_aug_8.mp4	99
گ/گ_aug_9.mp4	99
ھ/ھ.mp4	100
ھ/ھ_1.mp4	100
ھ/ھ_10.mp4	100
ھ/ھ_12.mp4	100
ھ/ھ_13.mp4	100
ھ/ھ_14.mp4	100
ھ/ھ_15.mp4	100
ھ/ھ_5.mp4	100
ھ/ھ_6.mp4	100
ھ/ھ_7.mp4	100
ھ/ھ_8.mp4	100
ھ/ھ_9.mp4	100
ھ/ھ_aug_1.mp4	100
ھ/ھ_aug_10.mp4	100
ھ/ھ_aug_11.mp4	100
ھ/ھ_aug_12.mp4	100
ھ/ھ_aug_13.mp4	100
ھ/ھ_aug_14.mp4	100
ھ/ھ_aug_15.mp4	100
ھ/ھ_aug_16.mp4	100
ھ/ھ_aug_17.mp4	100
ھ/ھ_aug_18.mp4	100
ھ/ھ_aug_19.mp4	100
ھ/ھ_aug_2.mp4	100
ھ/ھ_aug_20.mp4	100
ھ/ھ_aug_21.mp4	100
ھ/ھ_aug_22.mp4	100
ھ/ھ_aug_23.mp4	100
ھ/ھ_aug_24.mp4	100
ھ/ھ_aug_25.mp4	100
ھ/ھ_aug_26.mp4	100
ھ/ھ_aug_27.mp4	100
ھ/ھ_aug_28.mp4	100
ھ/ھ_aug_29.mp4	100
ھ/ھ_aug_3.mp4	100
ھ/ھ_aug_30.mp4	100
ھ/ھ_aug_4.mp4	100
ھ/ھ_aug_5.mp4	100
ھ/ھ_aug_6.mp4	100
ھ/ھ_aug_7.mp4	100
ھ/ھ_aug_8.mp4	100
ھ/ھ_aug_9.mp4	100
ہ/ہ.mp4	101
ہ/ہ_1.mp4	101
ہ/ہ_10.mp4	101
ہ/ہ_11.mp4	101
ہ/ہ_12.mp4	101
ہ/ہ_14.mp4	101
ہ/ہ_4.mp4	101
ہ/ہ_5.mp4	101
ہ/ہ_6.mp4	101
ہ/ہ_7.mp4	101
ہ/ہ_8.mp4	101
ہ/ہ_9.mp4	101
ہ/ہ_aug_1.mp4	101
ہ/ہ_aug_10.mp4	101
ہ/ہ_aug_11.mp4	101
ہ/ہ_aug_12.mp4	101
ہ/ہ_aug_13.mp4	101
ہ/ہ_aug_14.mp4	101
ہ/ہ_aug_15.mp4	101
ہ/ہ_aug_16.mp4	101
ہ/ہ_aug_17.mp4	101
ہ/ہ_aug_18.mp4	101
ہ/ہ_aug_19.mp4	101
ہ/ہ_aug_2.mp4	101
ہ/ہ_aug_20.mp4	101
ہ/ہ_aug_21.mp4	101
ہ/ہ_aug_22.mp4	101
ہ/ہ_aug_23.mp4	101
ہ/ہ_aug_24.mp4	101
ہ/ہ_aug_25.mp4	101
ہ/ہ_aug_26.mp4	101
ہ/ہ_aug_27.mp4	101
ہ/ہ_aug_28.mp4	101
ہ/ہ_aug_29.mp4	101
ہ/ہ_aug_3.mp4	101
ہ/ہ_aug_30.mp4	101
ہ/ہ_aug_4.mp4	101
ہ/ہ_aug_5.mp4	101
ہ/ہ_aug_6.mp4	101
ہ/ہ_aug_7.mp4	101
ہ/ہ_aug_8.mp4	101
ہ/ہ_aug_9.mp4	101
ی/ی_10.mp4	102
ی/ی_11.mp4	102
ی/ی_12.mp4	102
ی/ی_13.mp4	102
ی/ی_14.mp4	102
ی/ی_15.mp4	102
ی/ی_4.mp4	102
ی/ی_5.mp4	102
ی/ی_6.mp4	102
ی/ی_7.mp4	102
ی/ی_8.mp4	102
ی/ی_9.mp4	102
ی/ی_aug_1.mp4	102
ی/ی_aug_10.mp4	102
ی/ی_aug_11.mp4	102
ی/ی_aug_12.mp4	102
ی/ی_aug_13.mp4	102
ی/ی_aug_14.mp4	102
ی/ی_aug_15.mp4	102
ی/ی_aug_16.mp4	102
ی/ی_aug_17.mp4	102
ی/ی_aug_18.mp4	102
ی/ی_aug_19.mp4	102
ی/ی_aug_2.mp4	102
ی/ی_aug_20.mp4	102
ی/ی_aug_21.mp4	102
ی/ی_aug_22.mp4	102
ی/ی_aug_23.mp4	102
ی/ی_aug_24.mp4	102
ی/ی_aug_25.mp4	102
ی/ی_aug_26.mp4	102
ی/ی_aug_27.mp4	102
ی/ی_aug_28.mp4	102
ی/ی_aug_29.mp4	102
ی/ی_aug_3.mp4	102
ی/ی_aug_30.mp4	102
ی/ی_aug_4.mp4	102
ی/ی_aug_5.mp4	102
ی/ی_aug_6.mp4	102
ی/ی_aug_7.mp4	102
ی/ی_aug_8.mp4	102
ی/ی_aug_9.mp4	102
ے/ے.mp4	103
ے/ے_10.mp4	103
ے/ے_12.mp4	103
ے/ے_14.mp4	103
ے/ے_15.mp4	103
ے/ے_2.mp4	103
ے/ے_3.mp4	103
ے/ے_4.mp4	103
ے/ے_5.mp4	103
ے/ے_7.mp4	103
ے/ے_8.mp4	103
ے/ے_9.mp4	103
ے/ے_aug_1.mp4	103
ے/ے_aug_10.mp4	103
ے/ے_aug_11.mp4	103
ے/ے_aug_12.mp4	103
ے/ے_aug_13.mp4	103
ے/ے_aug_14.mp4	103
ے/ے_aug_15.mp4	103
ے/ے_aug_16.mp4	103
ے/ے_aug_17.mp4	103
ے/ے_aug_18.mp4	103
ے/ے_aug_19.mp4	103
ے/ے_aug_2.mp4	103
ے/ے_aug_20.mp4	103
ے/ے_aug_21.mp4	103
ے/ے_aug_22.mp4	103
ے/ے_aug_23.mp4	103
ے/ے_aug_24.mp4	103
ے/ے_aug_25.mp4	103
ے/ے_aug_26.mp4	103
ے/ے_aug_27.mp4	103
ے/ے_aug_28.mp4	103
ے/ے_aug_29.mp4	103
ے/ے_aug_3.mp4	103
ے/ے_aug_30.mp4	103
ے/ے_aug_4.mp4	103
ے/ے_aug_5.mp4	103
ے/ے_aug_6.mp4	103
ے/ے_aug_7.mp4	103
ے/ے_aug_8.mp4	103
ے/ے_aug_9.mp4	103
